-- --------------------------------------------------------
-- Host:                         127.0.0.1
-- Server version:               11.5.2-MariaDB - mariadb.org binary distribution
-- Server OS:                    Win64
-- HeidiSQL Version:             12.8.0.6908
-- --------------------------------------------------------

/*!40101 SET @OLD_CHARACTER_SET_CLIENT=@@CHARACTER_SET_CLIENT */;
/*!40101 SET NAMES utf8 */;
/*!50503 SET NAMES utf8mb4 */;
/*!40103 SET @OLD_TIME_ZONE=@@TIME_ZONE */;
/*!40103 SET TIME_ZONE='+00:00' */;
/*!40014 SET @OLD_FOREIGN_KEY_CHECKS=@@FOREIGN_KEY_CHECKS, FOREIGN_KEY_CHECKS=0 */;
/*!40101 SET @OLD_SQL_MODE=@@SQL_MODE, SQL_MODE='NO_AUTO_VALUE_ON_ZERO' */;
/*!40111 SET @OLD_SQL_NOTES=@@SQL_NOTES, SQL_NOTES=0 */;


-- Dumping database structure for es_extended
CREATE DATABASE IF NOT EXISTS `es_extended` /*!40100 DEFAULT CHARACTER SET utf8mb4 COLLATE utf8mb4_unicode_ci */;
USE `es_extended`;

-- Dumping structure for table es_extended.addon_account
CREATE TABLE IF NOT EXISTS `addon_account` (
  `name` varchar(60) NOT NULL,
  `label` varchar(100) NOT NULL,
  `shared` int(11) NOT NULL,
  PRIMARY KEY (`name`)
) ENGINE=InnoDB DEFAULT CHARSET=utf8mb4 COLLATE=utf8mb4_unicode_ci;

-- Dumping data for table es_extended.addon_account: ~8 rows (approximately)
INSERT INTO `addon_account` (`name`, `label`, `shared`) VALUES
	('caution', 'caution', 0),
	('society_ambulance', 'EMS', 1),
	('society_cardealer', 'Cardealer', 1),
	('society_mechanic', 'Mechanic', 1),
	('society_nightclub', 'Nachtclub', 1),
	('society_police', 'Police', 1),
	('society_realestateagent', 'Real Estate Company', 1),
	('society_taxi', 'Taxi', 1);

-- Dumping structure for table es_extended.addon_account_data
CREATE TABLE IF NOT EXISTS `addon_account_data` (
  `id` int(11) NOT NULL AUTO_INCREMENT,
  `account_name` varchar(100) DEFAULT NULL,
  `money` int(11) NOT NULL,
  `owner` varchar(46) DEFAULT NULL,
  PRIMARY KEY (`id`),
  UNIQUE KEY `index_addon_account_data_account_name_owner` (`account_name`,`owner`),
  KEY `index_addon_account_data_account_name` (`account_name`)
) ENGINE=InnoDB AUTO_INCREMENT=19 DEFAULT CHARSET=utf8mb4 COLLATE=utf8mb4_unicode_ci;

-- Dumping data for table es_extended.addon_account_data: ~7 rows (approximately)
INSERT INTO `addon_account_data` (`id`, `account_name`, `money`, `owner`) VALUES
	(1, 'society_cardealer', 0, NULL),
	(2, 'society_ambulance', 0, NULL),
	(3, 'society_mechanic', 0, NULL),
	(4, 'society_police', 0, NULL),
	(5, 'society_realestateagent', 0, NULL),
	(6, 'society_taxi', 0, NULL),
	(18, 'society_nightclub', 0, NULL);

-- Dumping structure for table es_extended.addon_inventory
CREATE TABLE IF NOT EXISTS `addon_inventory` (
  `name` varchar(60) NOT NULL,
  `label` varchar(100) NOT NULL,
  `shared` int(11) NOT NULL,
  PRIMARY KEY (`name`)
) ENGINE=InnoDB DEFAULT CHARSET=utf8mb4 COLLATE=utf8mb4_unicode_ci;

-- Dumping data for table es_extended.addon_inventory: ~7 rows (approximately)
INSERT INTO `addon_inventory` (`name`, `label`, `shared`) VALUES
	('society_ambulance', 'EMS', 1),
	('society_cardealer', 'Cardealer', 1),
	('society_mechanic', 'Mechanic', 1),
	('society_nightclub', 'Nachtclub', 1),
	('society_nightclub_fridge', 'Nachtclub (Kühlschrank)', 1),
	('society_police', 'Police', 1),
	('society_taxi', 'Taxi', 1);

-- Dumping structure for table es_extended.addon_inventory_items
CREATE TABLE IF NOT EXISTS `addon_inventory_items` (
  `id` int(11) NOT NULL AUTO_INCREMENT,
  `inventory_name` varchar(100) NOT NULL,
  `name` varchar(100) NOT NULL,
  `count` int(11) NOT NULL,
  `owner` varchar(46) DEFAULT NULL,
  PRIMARY KEY (`id`),
  KEY `index_addon_inventory_items_inventory_name_name` (`inventory_name`,`name`),
  KEY `index_addon_inventory_items_inventory_name_name_owner` (`inventory_name`,`name`,`owner`),
  KEY `index_addon_inventory_inventory_name` (`inventory_name`)
) ENGINE=InnoDB DEFAULT CHARSET=utf8mb4 COLLATE=utf8mb4_unicode_ci;

-- Dumping data for table es_extended.addon_inventory_items: ~0 rows (approximately)

-- Dumping structure for table es_extended.billing
CREATE TABLE IF NOT EXISTS `billing` (
  `id` int(11) NOT NULL AUTO_INCREMENT,
  `identifier` varchar(46) DEFAULT NULL,
  `sender` varchar(60) NOT NULL,
  `target_type` varchar(50) NOT NULL,
  `target` varchar(60) NOT NULL,
  `label` varchar(255) NOT NULL,
  `amount` int(11) NOT NULL,
  PRIMARY KEY (`id`)
) ENGINE=InnoDB AUTO_INCREMENT=2 DEFAULT CHARSET=utf8mb4 COLLATE=utf8mb4_unicode_ci;

-- Dumping data for table es_extended.billing: ~0 rows (approximately)

-- Dumping structure for table es_extended.cardealer_vehicles
CREATE TABLE IF NOT EXISTS `cardealer_vehicles` (
  `id` int(11) NOT NULL AUTO_INCREMENT,
  `vehicle` varchar(255) NOT NULL,
  `price` int(11) NOT NULL,
  PRIMARY KEY (`id`)
) ENGINE=InnoDB DEFAULT CHARSET=utf8mb4 COLLATE=utf8mb4_unicode_ci;

-- Dumping data for table es_extended.cardealer_vehicles: ~0 rows (approximately)

-- Dumping structure for table es_extended.datastore
CREATE TABLE IF NOT EXISTS `datastore` (
  `name` varchar(60) NOT NULL,
  `label` varchar(100) NOT NULL,
  `shared` int(11) NOT NULL,
  PRIMARY KEY (`name`)
) ENGINE=InnoDB DEFAULT CHARSET=utf8mb4 COLLATE=utf8mb4_unicode_ci;

-- Dumping data for table es_extended.datastore: ~6 rows (approximately)
INSERT INTO `datastore` (`name`, `label`, `shared`) VALUES
	('property', 'Property', 1),
	('society_ambulance', 'EMS', 1),
	('society_mechanic', 'Mechanic', 1),
	('society_nightclub', 'Nachtclub', 1),
	('society_police', 'Police', 1),
	('society_taxi', 'Taxi', 1);

-- Dumping structure for table es_extended.datastore_data
CREATE TABLE IF NOT EXISTS `datastore_data` (
  `id` int(11) NOT NULL AUTO_INCREMENT,
  `name` varchar(60) NOT NULL,
  `owner` varchar(46) DEFAULT NULL,
  `data` longtext DEFAULT NULL,
  PRIMARY KEY (`id`),
  UNIQUE KEY `index_datastore_data_name_owner` (`name`,`owner`),
  KEY `index_datastore_data_name` (`name`)
) ENGINE=InnoDB AUTO_INCREMENT=362 DEFAULT CHARSET=utf8mb4 COLLATE=utf8mb4_unicode_ci;

-- Dumping data for table es_extended.datastore_data: ~361 rows (approximately)
INSERT INTO `datastore_data` (`id`, `name`, `owner`, `data`) VALUES
	(1, 'society_ambulance', NULL, '\'{}\''),
	(2, 'society_mechanic', NULL, '\'{}\''),
	(3, 'society_police', NULL, '\'{}\''),
	(4, 'society_taxi', NULL, '\'{}\''),
	(5, 'property', NULL, '{}'),
	(6, 'property', NULL, '{}'),
	(7, 'property', NULL, '{}'),
	(8, 'property', NULL, '{}'),
	(9, 'property', NULL, '{}'),
	(10, 'property', NULL, '{}'),
	(11, 'property', NULL, '{}'),
	(12, 'property', NULL, '{}'),
	(13, 'property', NULL, '{}'),
	(14, 'property', NULL, '{}'),
	(15, 'property', NULL, '{}'),
	(16, 'property', NULL, '{}'),
	(17, 'property', NULL, '{}'),
	(18, 'property', NULL, '{}'),
	(19, 'property', NULL, '{}'),
	(20, 'property', NULL, '{}'),
	(21, 'property', NULL, '{}'),
	(22, 'property', NULL, '{}'),
	(23, 'property', NULL, '{}'),
	(24, 'property', NULL, '{}'),
	(25, 'property', NULL, '{}'),
	(26, 'property', NULL, '{}'),
	(27, 'property', NULL, '{}'),
	(28, 'property', NULL, '{}'),
	(29, 'property', NULL, '{}'),
	(30, 'property', NULL, '{}'),
	(31, 'property', NULL, '{}'),
	(32, 'property', NULL, '{}'),
	(33, 'property', NULL, '{}'),
	(34, 'property', NULL, '{}'),
	(35, 'property', NULL, '{}'),
	(36, 'property', NULL, '{}'),
	(37, 'property', NULL, '{}'),
	(38, 'property', NULL, '{}'),
	(39, 'property', NULL, '{}'),
	(40, 'property', NULL, '{}'),
	(41, 'property', NULL, '{}'),
	(42, 'property', NULL, '{}'),
	(43, 'property', NULL, '{}'),
	(44, 'property', NULL, '{}'),
	(45, 'property', NULL, '{}'),
	(46, 'property', NULL, '{}'),
	(47, 'property', NULL, '{}'),
	(48, 'property', NULL, '{}'),
	(49, 'property', NULL, '{}'),
	(50, 'property', NULL, '{}'),
	(51, 'property', NULL, '{}'),
	(52, 'property', NULL, '{}'),
	(53, 'property', NULL, '{}'),
	(54, 'property', NULL, '{}'),
	(55, 'property', NULL, '{}'),
	(56, 'property', NULL, '{}'),
	(57, 'property', NULL, '{}'),
	(58, 'property', NULL, '{}'),
	(59, 'property', NULL, '{}'),
	(60, 'property', NULL, '{}'),
	(61, 'property', NULL, '{}'),
	(62, 'property', NULL, '{}'),
	(63, 'property', NULL, '{}'),
	(64, 'property', NULL, '{}'),
	(65, 'property', NULL, '{}'),
	(66, 'property', NULL, '{}'),
	(67, 'property', NULL, '{}'),
	(68, 'property', NULL, '{}'),
	(69, 'property', NULL, '{}'),
	(70, 'property', NULL, '{}'),
	(71, 'property', NULL, '{}'),
	(72, 'property', NULL, '{}'),
	(73, 'property', NULL, '{}'),
	(74, 'property', NULL, '{}'),
	(75, 'property', NULL, '{}'),
	(76, 'property', NULL, '{}'),
	(77, 'property', NULL, '{}'),
	(78, 'property', NULL, '{}'),
	(79, 'property', NULL, '{}'),
	(80, 'property', NULL, '{}'),
	(81, 'property', NULL, '{}'),
	(82, 'property', NULL, '{}'),
	(83, 'property', NULL, '{}'),
	(84, 'property', NULL, '{}'),
	(85, 'property', NULL, '{}'),
	(86, 'property', NULL, '{}'),
	(87, 'property', NULL, '{}'),
	(88, 'property', NULL, '{}'),
	(89, 'property', NULL, '{}'),
	(90, 'property', NULL, '{}'),
	(91, 'property', NULL, '{}'),
	(92, 'property', NULL, '{}'),
	(93, 'property', NULL, '{}'),
	(94, 'property', NULL, '{}'),
	(95, 'property', NULL, '{}'),
	(96, 'property', NULL, '{}'),
	(97, 'property', NULL, '{}'),
	(98, 'property', NULL, '{}'),
	(99, 'property', NULL, '{}'),
	(100, 'property', NULL, '{}'),
	(101, 'property', NULL, '{}'),
	(102, 'property', NULL, '{}'),
	(103, 'property', NULL, '{}'),
	(104, 'property', NULL, '{}'),
	(105, 'property', NULL, '{}'),
	(106, 'property', NULL, '{}'),
	(107, 'property', NULL, '{}'),
	(108, 'property', NULL, '{}'),
	(109, 'property', NULL, '{}'),
	(110, 'property', NULL, '{}'),
	(111, 'property', NULL, '{}'),
	(112, 'property', NULL, '{}'),
	(113, 'property', NULL, '{}'),
	(114, 'property', NULL, '{}'),
	(115, 'property', NULL, '{}'),
	(116, 'property', NULL, '{}'),
	(117, 'property', NULL, '{}'),
	(118, 'property', NULL, '{}'),
	(119, 'property', NULL, '{}'),
	(120, 'property', NULL, '{}'),
	(121, 'property', NULL, '{}'),
	(122, 'property', NULL, '{}'),
	(123, 'property', NULL, '{}'),
	(124, 'property', NULL, '{}'),
	(125, 'property', NULL, '{}'),
	(126, 'property', NULL, '{}'),
	(127, 'property', NULL, '{}'),
	(128, 'property', NULL, '{}'),
	(129, 'property', NULL, '{}'),
	(130, 'property', NULL, '{}'),
	(131, 'property', NULL, '{}'),
	(132, 'property', NULL, '{}'),
	(133, 'property', NULL, '{}'),
	(134, 'property', NULL, '{}'),
	(135, 'property', NULL, '{}'),
	(136, 'property', NULL, '{}'),
	(137, 'property', NULL, '{}'),
	(138, 'property', NULL, '{}'),
	(139, 'property', NULL, '{}'),
	(140, 'property', NULL, '{}'),
	(141, 'property', NULL, '{}'),
	(142, 'property', NULL, '{}'),
	(143, 'property', NULL, '{}'),
	(144, 'property', NULL, '{}'),
	(145, 'property', NULL, '{}'),
	(146, 'property', NULL, '{}'),
	(147, 'property', NULL, '{}'),
	(148, 'property', NULL, '{}'),
	(149, 'property', NULL, '{}'),
	(150, 'property', NULL, '{}'),
	(151, 'property', NULL, '{}'),
	(152, 'property', NULL, '{}'),
	(153, 'property', NULL, '{}'),
	(154, 'property', NULL, '{}'),
	(155, 'property', NULL, '{}'),
	(156, 'property', NULL, '{}'),
	(157, 'property', NULL, '{}'),
	(158, 'property', NULL, '{}'),
	(159, 'property', NULL, '{}'),
	(160, 'property', NULL, '{}'),
	(161, 'property', NULL, '{}'),
	(162, 'property', NULL, '{}'),
	(163, 'property', NULL, '{}'),
	(164, 'property', NULL, '{}'),
	(165, 'property', NULL, '{}'),
	(166, 'property', NULL, '{}'),
	(167, 'property', NULL, '{}'),
	(168, 'property', NULL, '{}'),
	(169, 'property', NULL, '{}'),
	(170, 'property', NULL, '{}'),
	(171, 'property', NULL, '{}'),
	(172, 'property', NULL, '{}'),
	(173, 'property', NULL, '{}'),
	(174, 'property', NULL, '{}'),
	(175, 'property', NULL, '{}'),
	(176, 'property', NULL, '{}'),
	(177, 'property', NULL, '{}'),
	(178, 'property', NULL, '{}'),
	(179, 'property', NULL, '{}'),
	(180, 'property', NULL, '{}'),
	(181, 'property', NULL, '{}'),
	(182, 'property', NULL, '{}'),
	(183, 'property', NULL, '{}'),
	(184, 'property', NULL, '{}'),
	(185, 'property', NULL, '{}'),
	(186, 'property', NULL, '{}'),
	(187, 'property', NULL, '{}'),
	(188, 'property', NULL, '{}'),
	(189, 'property', NULL, '{}'),
	(190, 'property', NULL, '{}'),
	(191, 'property', NULL, '{}'),
	(192, 'property', NULL, '{}'),
	(193, 'property', NULL, '{}'),
	(194, 'property', NULL, '{}'),
	(195, 'property', NULL, '{}'),
	(196, 'property', NULL, '{}'),
	(197, 'property', NULL, '{}'),
	(198, 'property', NULL, '{}'),
	(199, 'property', NULL, '{}'),
	(200, 'property', NULL, '{}'),
	(201, 'property', NULL, '{}'),
	(202, 'property', NULL, '{}'),
	(203, 'property', NULL, '{}'),
	(204, 'property', NULL, '{}'),
	(205, 'property', NULL, '{}'),
	(206, 'property', NULL, '{}'),
	(207, 'property', NULL, '{}'),
	(208, 'property', NULL, '{}'),
	(209, 'property', NULL, '{}'),
	(210, 'property', NULL, '{}'),
	(211, 'property', NULL, '{}'),
	(212, 'property', NULL, '{}'),
	(213, 'property', NULL, '{}'),
	(214, 'property', NULL, '{}'),
	(215, 'property', NULL, '{}'),
	(216, 'property', NULL, '{}'),
	(217, 'property', NULL, '{}'),
	(218, 'property', NULL, '{}'),
	(219, 'property', NULL, '{}'),
	(220, 'property', NULL, '{}'),
	(221, 'property', NULL, '{}'),
	(222, 'property', NULL, '{}'),
	(223, 'property', NULL, '{}'),
	(224, 'property', NULL, '{}'),
	(225, 'property', NULL, '{}'),
	(226, 'property', NULL, '{}'),
	(227, 'property', NULL, '{}'),
	(228, 'property', NULL, '{}'),
	(229, 'property', NULL, '{}'),
	(230, 'property', NULL, '{}'),
	(231, 'property', NULL, '{}'),
	(232, 'property', NULL, '{}'),
	(233, 'property', NULL, '{}'),
	(234, 'property', NULL, '{}'),
	(235, 'property', NULL, '{}'),
	(236, 'property', NULL, '{}'),
	(237, 'property', NULL, '{}'),
	(238, 'property', NULL, '{}'),
	(239, 'property', NULL, '{}'),
	(240, 'property', NULL, '{}'),
	(241, 'property', NULL, '{}'),
	(242, 'property', NULL, '{}'),
	(243, 'property', NULL, '{}'),
	(244, 'property', NULL, '{}'),
	(245, 'property', NULL, '{}'),
	(246, 'property', NULL, '{}'),
	(247, 'property', NULL, '{}'),
	(248, 'property', NULL, '{}'),
	(249, 'property', NULL, '{}'),
	(250, 'property', NULL, '{}'),
	(251, 'property', NULL, '{}'),
	(252, 'property', NULL, '{}'),
	(253, 'property', NULL, '{}'),
	(254, 'property', NULL, '{}'),
	(255, 'society_nightclub', NULL, '\'{}\''),
	(256, 'property', NULL, '{}'),
	(257, 'property', NULL, '{}'),
	(258, 'property', NULL, '{}'),
	(259, 'property', NULL, '{}'),
	(260, 'property', NULL, '{}'),
	(261, 'property', NULL, '{}'),
	(262, 'property', NULL, '{}'),
	(263, 'property', NULL, '{}'),
	(264, 'property', NULL, '{}'),
	(265, 'property', NULL, '{}'),
	(266, 'property', NULL, '{}'),
	(267, 'property', NULL, '{}'),
	(268, 'property', NULL, '{}'),
	(269, 'property', NULL, '{}'),
	(270, 'property', NULL, '{}'),
	(271, 'property', NULL, '{}'),
	(272, 'property', NULL, '{}'),
	(273, 'property', NULL, '{}'),
	(274, 'property', NULL, '{}'),
	(275, 'property', NULL, '{}'),
	(276, 'property', NULL, '{}'),
	(277, 'property', NULL, '{}'),
	(278, 'property', NULL, '{}'),
	(279, 'property', NULL, '{}'),
	(280, 'property', NULL, '{}'),
	(281, 'property', NULL, '{}'),
	(282, 'property', NULL, '{}'),
	(283, 'property', NULL, '{}'),
	(284, 'property', NULL, '{}'),
	(285, 'property', NULL, '{}'),
	(286, 'property', NULL, '{}'),
	(287, 'property', NULL, '{}'),
	(288, 'property', NULL, '{}'),
	(289, 'property', NULL, '{}'),
	(290, 'property', NULL, '{}'),
	(291, 'property', NULL, '{}'),
	(292, 'property', NULL, '{}'),
	(293, 'property', NULL, '{}'),
	(294, 'property', NULL, '{}'),
	(295, 'property', NULL, '{}'),
	(296, 'property', NULL, '{}'),
	(297, 'property', NULL, '{}'),
	(298, 'property', NULL, '{}'),
	(299, 'property', NULL, '{}'),
	(300, 'property', NULL, '{}'),
	(301, 'property', NULL, '{}'),
	(302, 'property', NULL, '{}'),
	(303, 'property', NULL, '{}'),
	(304, 'property', NULL, '{}'),
	(305, 'property', NULL, '{}'),
	(306, 'property', NULL, '{}'),
	(307, 'property', NULL, '{}'),
	(308, 'property', NULL, '{}'),
	(309, 'property', NULL, '{}'),
	(310, 'property', NULL, '{}'),
	(311, 'property', NULL, '{}'),
	(312, 'property', NULL, '{}'),
	(313, 'property', NULL, '{}'),
	(314, 'property', NULL, '{}'),
	(315, 'property', NULL, '{}'),
	(316, 'property', NULL, '{}'),
	(317, 'property', NULL, '{}'),
	(318, 'property', NULL, '{}'),
	(319, 'property', NULL, '{}'),
	(320, 'property', NULL, '{}'),
	(321, 'property', NULL, '{}'),
	(322, 'property', NULL, '{}'),
	(323, 'property', NULL, '{}'),
	(324, 'property', NULL, '{}'),
	(325, 'property', NULL, '{}'),
	(326, 'property', NULL, '{}'),
	(327, 'property', NULL, '{}'),
	(328, 'property', NULL, '{}'),
	(329, 'property', NULL, '{}'),
	(330, 'property', NULL, '{}'),
	(331, 'property', NULL, '{}'),
	(332, 'property', NULL, '{}'),
	(333, 'property', NULL, '{}'),
	(334, 'property', NULL, '{}'),
	(335, 'property', NULL, '{}'),
	(336, 'property', NULL, '{}'),
	(337, 'property', NULL, '{}'),
	(338, 'property', NULL, '{}'),
	(339, 'property', NULL, '{}'),
	(340, 'property', NULL, '{}'),
	(341, 'property', NULL, '{}'),
	(342, 'property', NULL, '{}'),
	(343, 'property', NULL, '{}'),
	(344, 'property', NULL, '{}'),
	(345, 'property', NULL, '{}'),
	(346, 'property', NULL, '{}'),
	(347, 'property', NULL, '{}'),
	(348, 'property', NULL, '{}'),
	(349, 'property', NULL, '{}'),
	(350, 'property', NULL, '{}'),
	(351, 'property', NULL, '{}'),
	(352, 'property', NULL, '{}'),
	(353, 'property', NULL, '{}'),
	(354, 'property', NULL, '{}'),
	(355, 'property', NULL, '{}'),
	(356, 'property', NULL, '{}'),
	(357, 'property', NULL, '{}'),
	(358, 'property', NULL, '{}'),
	(359, 'property', NULL, '{}'),
	(360, 'property', NULL, '{}'),
	(361, 'property', NULL, '{}');

-- Dumping structure for table es_extended.drug_plants
CREATE TABLE IF NOT EXISTS `drug_plants` (
  `id` varchar(11) NOT NULL,
  `owner` longtext DEFAULT NULL,
  `coords` longtext NOT NULL,
  `time` int(255) NOT NULL,
  `type` varchar(100) NOT NULL,
  `health` double NOT NULL DEFAULT 100,
  `fertilizer` double NOT NULL DEFAULT 0,
  `water` double NOT NULL DEFAULT 0,
  `growtime` int(11) NOT NULL,
  PRIMARY KEY (`id`)
) ENGINE=InnoDB DEFAULT CHARSET=utf8mb4 COLLATE=utf8mb4_unicode_ci;

-- Dumping data for table es_extended.drug_plants: ~0 rows (approximately)

-- Dumping structure for table es_extended.drug_processing
CREATE TABLE IF NOT EXISTS `drug_processing` (
  `id` varchar(11) NOT NULL,
  `coords` longtext NOT NULL,
  `rotation` double NOT NULL,
  `owner` longtext NOT NULL,
  `type` varchar(100) NOT NULL,
  PRIMARY KEY (`id`)
) ENGINE=InnoDB DEFAULT CHARSET=utf8mb4 COLLATE=utf8mb4_unicode_ci;

-- Dumping data for table es_extended.drug_processing: ~0 rows (approximately)

-- Dumping structure for table es_extended.fine_types
CREATE TABLE IF NOT EXISTS `fine_types` (
  `id` int(11) NOT NULL AUTO_INCREMENT,
  `label` varchar(255) DEFAULT NULL,
  `amount` int(11) DEFAULT NULL,
  `category` int(11) DEFAULT NULL,
  PRIMARY KEY (`id`)
) ENGINE=InnoDB AUTO_INCREMENT=53 DEFAULT CHARSET=utf8mb4 COLLATE=utf8mb4_unicode_ci;

-- Dumping data for table es_extended.fine_types: ~52 rows (approximately)
INSERT INTO `fine_types` (`id`, `label`, `amount`, `category`) VALUES
	(1, 'Misuse of a horn', 30, 0),
	(2, 'Illegally Crossing a continuous Line', 40, 0),
	(3, 'Driving on the wrong side of the road', 250, 0),
	(4, 'Illegal U-Turn', 250, 0),
	(5, 'Illegally Driving Off-road', 170, 0),
	(6, 'Refusing a Lawful Command', 30, 0),
	(7, 'Illegally Stopping a Vehicle', 150, 0),
	(8, 'Illegal Parking', 70, 0),
	(9, 'Failing to Yield to the right', 70, 0),
	(10, 'Failure to comply with Vehicle Information', 90, 0),
	(11, 'Failing to stop at a Stop Sign ', 105, 0),
	(12, 'Failing to stop at a Red Light', 130, 0),
	(13, 'Illegal Passing', 100, 0),
	(14, 'Driving an illegal Vehicle', 100, 0),
	(15, 'Driving without a License', 1500, 0),
	(16, 'Hit and Run', 800, 0),
	(17, 'Exceeding Speeds Over < 5 mph', 90, 0),
	(18, 'Exceeding Speeds Over 5-15 mph', 120, 0),
	(19, 'Exceeding Speeds Over 15-30 mph', 180, 0),
	(20, 'Exceeding Speeds Over > 30 mph', 300, 0),
	(21, 'Impeding traffic flow', 110, 1),
	(22, 'Public Intoxication', 90, 1),
	(23, 'Disorderly conduct', 90, 1),
	(24, 'Obstruction of Justice', 130, 1),
	(25, 'Insults towards Civilans', 75, 1),
	(26, 'Disrespecting of an LEO', 110, 1),
	(27, 'Verbal Threat towards a Civilan', 90, 1),
	(28, 'Verbal Threat towards an LEO', 150, 1),
	(29, 'Providing False Information', 250, 1),
	(30, 'Attempt of Corruption', 1500, 1),
	(31, 'Brandishing a weapon in city Limits', 120, 2),
	(32, 'Brandishing a Lethal Weapon in city Limits', 300, 2),
	(33, 'No Firearms License', 600, 2),
	(34, 'Possession of an Illegal Weapon', 700, 2),
	(35, 'Possession of Burglary Tools', 300, 2),
	(36, 'Grand Theft Auto', 1800, 2),
	(37, 'Intent to Sell/Distrube of an illegal Substance', 1500, 2),
	(38, 'Frabrication of an Illegal Substance', 1500, 2),
	(39, 'Possession of an Illegal Substance ', 650, 2),
	(40, 'Kidnapping of a Civilan', 1500, 2),
	(41, 'Kidnapping of an LEO', 2000, 2),
	(42, 'Robbery', 650, 2),
	(43, 'Armed Robbery of a Store', 650, 2),
	(44, 'Armed Robbery of a Bank', 1500, 2),
	(45, 'Assault on a Civilian', 2000, 3),
	(46, 'Assault of an LEO', 2500, 3),
	(47, 'Attempt of Murder of a Civilian', 3000, 3),
	(48, 'Attempt of Murder of an LEO', 5000, 3),
	(49, 'Murder of a Civilian', 10000, 3),
	(50, 'Murder of an LEO', 30000, 3),
	(51, 'Involuntary manslaughter', 1800, 3),
	(52, 'Fraud', 2000, 2);

-- Dumping structure for table es_extended.jobs
CREATE TABLE IF NOT EXISTS `jobs` (
  `name` varchar(50) NOT NULL,
  `label` varchar(50) DEFAULT NULL,
  `whitelisted` tinyint(1) NOT NULL DEFAULT 0,
  PRIMARY KEY (`name`)
) ENGINE=InnoDB DEFAULT CHARSET=utf8mb4 COLLATE=utf8mb4_unicode_ci;

-- Dumping data for table es_extended.jobs: ~16 rows (approximately)
INSERT INTO `jobs` (`name`, `label`, `whitelisted`) VALUES
	('ambulance', 'EMS', 1),
	('cardealer', 'Cardealer', 1),
	('fisherman', 'Fisherman', 0),
	('fueler', 'Fueler', 0),
	('lumberjack', 'Lumberjack', 0),
	('mafia', 'Mafia', 1),
	('mechanic', 'Mechanic', 1),
	('miner', 'Miner', 0),
	('nightclub', 'Nachtclub', 1),
	('police', 'Police', 1),
	('realestateagent', 'Realtor', 1),
	('reporter', 'Reporter', 0),
	('slaughterer', 'Butcher', 0),
	('tailor', 'Tailor', 0),
	('taxi', 'Taxi', 1),
	('unemployed', 'Unemployed', 0);

-- Dumping structure for table es_extended.job_grades
CREATE TABLE IF NOT EXISTS `job_grades` (
  `id` int(11) NOT NULL AUTO_INCREMENT,
  `job_name` varchar(50) DEFAULT NULL,
  `grade` int(11) NOT NULL,
  `name` varchar(50) NOT NULL,
  `label` varchar(50) NOT NULL,
  `salary` int(11) NOT NULL,
  `skin_male` longtext DEFAULT NULL,
  `skin_female` longtext DEFAULT NULL,
  PRIMARY KEY (`id`)
) ENGINE=InnoDB AUTO_INCREMENT=42 DEFAULT CHARSET=utf8mb4 COLLATE=utf8mb4_unicode_ci;

-- Dumping data for table es_extended.job_grades: ~41 rows (approximately)
INSERT INTO `job_grades` (`id`, `job_name`, `grade`, `name`, `label`, `salary`, `skin_male`, `skin_female`) VALUES
	(1, 'unemployed', 0, 'unemployed', 'Unemployed', 25, '{}', '{}'),
	(2, 'cardealer', 0, 'recruit', 'Recruit', 10, '{}', '{}'),
	(3, 'cardealer', 1, 'novice', 'Novice', 25, '{}', '{}'),
	(4, 'cardealer', 2, 'experienced', 'Experienced', 40, '{}', '{}'),
	(5, 'cardealer', 3, 'boss', 'Boss', 0, '{}', '{}'),
	(6, 'lumberjack', 0, 'employee', 'Employee', 0, '{}', '{}'),
	(7, 'fisherman', 0, 'employee', 'Employee', 0, '{}', '{}'),
	(8, 'fueler', 0, 'employee', 'Employee', 0, '{}', '{}'),
	(9, 'reporter', 0, 'employee', 'Employee', 0, '{}', '{}'),
	(10, 'tailor', 0, 'employee', 'Employee', 0, '{"mask_1":0,"arms":1,"glasses_1":0,"hair_color_2":4,"makeup_1":0,"face":19,"glasses":0,"mask_2":0,"makeup_3":0,"skin":29,"helmet_2":0,"lipstick_4":0,"sex":0,"torso_1":24,"makeup_2":0,"bags_2":0,"chain_2":0,"ears_1":-1,"bags_1":0,"bproof_1":0,"shoes_2":0,"lipstick_2":0,"chain_1":0,"tshirt_1":0,"eyebrows_3":0,"pants_2":0,"beard_4":0,"torso_2":0,"beard_2":6,"ears_2":0,"hair_2":0,"shoes_1":36,"tshirt_2":0,"beard_3":0,"hair_1":2,"hair_color_1":0,"pants_1":48,"helmet_1":-1,"bproof_2":0,"eyebrows_4":0,"eyebrows_2":0,"decals_1":0,"age_2":0,"beard_1":5,"shoes":10,"lipstick_1":0,"eyebrows_1":0,"glasses_2":0,"makeup_4":0,"decals_2":0,"lipstick_3":0,"age_1":0}', '{"mask_1":0,"arms":5,"glasses_1":5,"hair_color_2":4,"makeup_1":0,"face":19,"glasses":0,"mask_2":0,"makeup_3":0,"skin":29,"helmet_2":0,"lipstick_4":0,"sex":1,"torso_1":52,"makeup_2":0,"bags_2":0,"chain_2":0,"ears_1":-1,"bags_1":0,"bproof_1":0,"shoes_2":1,"lipstick_2":0,"chain_1":0,"tshirt_1":23,"eyebrows_3":0,"pants_2":0,"beard_4":0,"torso_2":0,"beard_2":6,"ears_2":0,"hair_2":0,"shoes_1":42,"tshirt_2":4,"beard_3":0,"hair_1":2,"hair_color_1":0,"pants_1":36,"helmet_1":-1,"bproof_2":0,"eyebrows_4":0,"eyebrows_2":0,"decals_1":0,"age_2":0,"beard_1":5,"shoes":10,"lipstick_1":0,"eyebrows_1":0,"glasses_2":0,"makeup_4":0,"decals_2":0,"lipstick_3":0,"age_1":0}'),
	(11, 'miner', 0, 'employee', 'Employee', 0, '{"tshirt_2":1,"ears_1":8,"glasses_1":15,"torso_2":0,"ears_2":2,"glasses_2":3,"shoes_2":1,"pants_1":75,"shoes_1":51,"bags_1":0,"helmet_2":0,"pants_2":7,"torso_1":71,"tshirt_1":59,"arms":2,"bags_2":0,"helmet_1":0}', '{}'),
	(12, 'slaughterer', 0, 'employee', 'Employee', 0, '{"age_1":0,"glasses_2":0,"beard_1":5,"decals_2":0,"beard_4":0,"shoes_2":0,"tshirt_2":0,"lipstick_2":0,"hair_2":0,"arms":67,"pants_1":36,"skin":29,"eyebrows_2":0,"shoes":10,"helmet_1":-1,"lipstick_1":0,"helmet_2":0,"hair_color_1":0,"glasses":0,"makeup_4":0,"makeup_1":0,"hair_1":2,"bproof_1":0,"bags_1":0,"mask_1":0,"lipstick_3":0,"chain_1":0,"eyebrows_4":0,"sex":0,"torso_1":56,"beard_2":6,"shoes_1":12,"decals_1":0,"face":19,"lipstick_4":0,"tshirt_1":15,"mask_2":0,"age_2":0,"eyebrows_3":0,"chain_2":0,"glasses_1":0,"ears_1":-1,"bags_2":0,"ears_2":0,"torso_2":0,"bproof_2":0,"makeup_2":0,"eyebrows_1":0,"makeup_3":0,"pants_2":0,"beard_3":0,"hair_color_2":4}', '{"age_1":0,"glasses_2":0,"beard_1":5,"decals_2":0,"beard_4":0,"shoes_2":0,"tshirt_2":0,"lipstick_2":0,"hair_2":0,"arms":72,"pants_1":45,"skin":29,"eyebrows_2":0,"shoes":10,"helmet_1":-1,"lipstick_1":0,"helmet_2":0,"hair_color_1":0,"glasses":0,"makeup_4":0,"makeup_1":0,"hair_1":2,"bproof_1":0,"bags_1":0,"mask_1":0,"lipstick_3":0,"chain_1":0,"eyebrows_4":0,"sex":1,"torso_1":49,"beard_2":6,"shoes_1":24,"decals_1":0,"face":19,"lipstick_4":0,"tshirt_1":9,"mask_2":0,"age_2":0,"eyebrows_3":0,"chain_2":0,"glasses_1":5,"ears_1":-1,"bags_2":0,"ears_2":0,"torso_2":0,"bproof_2":0,"makeup_2":0,"eyebrows_1":0,"makeup_3":0,"pants_2":0,"beard_3":0,"hair_color_2":4}'),
	(13, 'ambulance', 0, 'ambulance', 'Jr. EMT', 20, '{"tshirt_2":0,"hair_color_1":5,"glasses_2":3,"shoes":9,"torso_2":3,"hair_color_2":0,"pants_1":24,"glasses_1":4,"hair_1":2,"sex":0,"decals_2":0,"tshirt_1":15,"helmet_1":8,"helmet_2":0,"arms":92,"face":19,"decals_1":60,"torso_1":13,"hair_2":0,"skin":34,"pants_2":5}', '{"tshirt_2":3,"decals_2":0,"glasses":0,"hair_1":2,"torso_1":73,"shoes":1,"hair_color_2":0,"glasses_1":19,"skin":13,"face":6,"pants_2":5,"tshirt_1":75,"pants_1":37,"helmet_1":57,"torso_2":0,"arms":14,"sex":1,"glasses_2":0,"decals_1":0,"hair_2":0,"helmet_2":0,"hair_color_1":0}'),
	(14, 'ambulance', 1, 'doctor', 'EMT', 40, '{"tshirt_2":0,"hair_color_1":5,"glasses_2":3,"shoes":9,"torso_2":3,"hair_color_2":0,"pants_1":24,"glasses_1":4,"hair_1":2,"sex":0,"decals_2":0,"tshirt_1":15,"helmet_1":8,"helmet_2":0,"arms":92,"face":19,"decals_1":60,"torso_1":13,"hair_2":0,"skin":34,"pants_2":5}', '{"tshirt_2":3,"decals_2":0,"glasses":0,"hair_1":2,"torso_1":73,"shoes":1,"hair_color_2":0,"glasses_1":19,"skin":13,"face":6,"pants_2":5,"tshirt_1":75,"pants_1":37,"helmet_1":57,"torso_2":0,"arms":14,"sex":1,"glasses_2":0,"decals_1":0,"hair_2":0,"helmet_2":0,"hair_color_1":0}'),
	(15, 'ambulance', 2, 'chief_doctor', 'Sr. EMT', 60, '{"tshirt_2":0,"hair_color_1":5,"glasses_2":3,"shoes":9,"torso_2":3,"hair_color_2":0,"pants_1":24,"glasses_1":4,"hair_1":2,"sex":0,"decals_2":0,"tshirt_1":15,"helmet_1":8,"helmet_2":0,"arms":92,"face":19,"decals_1":60,"torso_1":13,"hair_2":0,"skin":34,"pants_2":5}', '{"tshirt_2":3,"decals_2":0,"glasses":0,"hair_1":2,"torso_1":73,"shoes":1,"hair_color_2":0,"glasses_1":19,"skin":13,"face":6,"pants_2":5,"tshirt_1":75,"pants_1":37,"helmet_1":57,"torso_2":0,"arms":14,"sex":1,"glasses_2":0,"decals_1":0,"hair_2":0,"helmet_2":0,"hair_color_1":0}'),
	(16, 'ambulance', 3, 'boss', 'EMT Supervisor', 80, '{"tshirt_2":0,"hair_color_1":5,"glasses_2":3,"shoes":9,"torso_2":3,"hair_color_2":0,"pants_1":24,"glasses_1":4,"hair_1":2,"sex":0,"decals_2":0,"tshirt_1":15,"helmet_1":8,"helmet_2":0,"arms":92,"face":19,"decals_1":60,"torso_1":13,"hair_2":0,"skin":34,"pants_2":5}', '{"tshirt_2":3,"decals_2":0,"glasses":0,"hair_1":2,"torso_1":73,"shoes":1,"hair_color_2":0,"glasses_1":19,"skin":13,"face":6,"pants_2":5,"tshirt_1":75,"pants_1":37,"helmet_1":57,"torso_2":0,"arms":14,"sex":1,"glasses_2":0,"decals_1":0,"hair_2":0,"helmet_2":0,"hair_color_1":0}'),
	(17, 'police', 0, 'recruit', 'Recruit', 20, '{}', '{}'),
	(18, 'police', 1, 'officer', 'Officer', 40, '{}', '{}'),
	(19, 'police', 2, 'sergeant', 'Sergeant', 60, '{}', '{}'),
	(20, 'police', 3, 'lieutenant', 'Lieutenant', 85, '{}', '{}'),
	(21, 'police', 4, 'boss', 'Chief', 100, '{}', '{}'),
	(22, 'taxi', 0, 'recrue', 'Recruit', 12, '{"hair_2":0,"hair_color_2":0,"torso_1":32,"bags_1":0,"helmet_2":0,"chain_2":0,"eyebrows_3":0,"makeup_3":0,"makeup_2":0,"tshirt_1":31,"makeup_1":0,"bags_2":0,"makeup_4":0,"eyebrows_4":0,"chain_1":0,"lipstick_4":0,"bproof_2":0,"hair_color_1":0,"decals_2":0,"pants_2":0,"age_2":0,"glasses_2":0,"ears_2":0,"arms":27,"lipstick_1":0,"ears_1":-1,"mask_2":0,"sex":0,"lipstick_3":0,"helmet_1":-1,"shoes_2":0,"beard_2":0,"beard_1":0,"lipstick_2":0,"beard_4":0,"glasses_1":0,"bproof_1":0,"mask_1":0,"decals_1":1,"hair_1":0,"eyebrows_2":0,"beard_3":0,"age_1":0,"tshirt_2":0,"skin":0,"torso_2":0,"eyebrows_1":0,"face":0,"shoes_1":10,"pants_1":24}', '{"hair_2":0,"hair_color_2":0,"torso_1":57,"bags_1":0,"helmet_2":0,"chain_2":0,"eyebrows_3":0,"makeup_3":0,"makeup_2":0,"tshirt_1":38,"makeup_1":0,"bags_2":0,"makeup_4":0,"eyebrows_4":0,"chain_1":0,"lipstick_4":0,"bproof_2":0,"hair_color_1":0,"decals_2":0,"pants_2":1,"age_2":0,"glasses_2":0,"ears_2":0,"arms":21,"lipstick_1":0,"ears_1":-1,"mask_2":0,"sex":1,"lipstick_3":0,"helmet_1":-1,"shoes_2":0,"beard_2":0,"beard_1":0,"lipstick_2":0,"beard_4":0,"glasses_1":5,"bproof_1":0,"mask_1":0,"decals_1":1,"hair_1":0,"eyebrows_2":0,"beard_3":0,"age_1":0,"tshirt_2":0,"skin":0,"torso_2":0,"eyebrows_1":0,"face":0,"shoes_1":49,"pants_1":11}'),
	(23, 'taxi', 1, 'novice', 'Cabby', 24, '{"hair_2":0,"hair_color_2":0,"torso_1":32,"bags_1":0,"helmet_2":0,"chain_2":0,"eyebrows_3":0,"makeup_3":0,"makeup_2":0,"tshirt_1":31,"makeup_1":0,"bags_2":0,"makeup_4":0,"eyebrows_4":0,"chain_1":0,"lipstick_4":0,"bproof_2":0,"hair_color_1":0,"decals_2":0,"pants_2":0,"age_2":0,"glasses_2":0,"ears_2":0,"arms":27,"lipstick_1":0,"ears_1":-1,"mask_2":0,"sex":0,"lipstick_3":0,"helmet_1":-1,"shoes_2":0,"beard_2":0,"beard_1":0,"lipstick_2":0,"beard_4":0,"glasses_1":0,"bproof_1":0,"mask_1":0,"decals_1":1,"hair_1":0,"eyebrows_2":0,"beard_3":0,"age_1":0,"tshirt_2":0,"skin":0,"torso_2":0,"eyebrows_1":0,"face":0,"shoes_1":10,"pants_1":24}', '{"hair_2":0,"hair_color_2":0,"torso_1":57,"bags_1":0,"helmet_2":0,"chain_2":0,"eyebrows_3":0,"makeup_3":0,"makeup_2":0,"tshirt_1":38,"makeup_1":0,"bags_2":0,"makeup_4":0,"eyebrows_4":0,"chain_1":0,"lipstick_4":0,"bproof_2":0,"hair_color_1":0,"decals_2":0,"pants_2":1,"age_2":0,"glasses_2":0,"ears_2":0,"arms":21,"lipstick_1":0,"ears_1":-1,"mask_2":0,"sex":1,"lipstick_3":0,"helmet_1":-1,"shoes_2":0,"beard_2":0,"beard_1":0,"lipstick_2":0,"beard_4":0,"glasses_1":5,"bproof_1":0,"mask_1":0,"decals_1":1,"hair_1":0,"eyebrows_2":0,"beard_3":0,"age_1":0,"tshirt_2":0,"skin":0,"torso_2":0,"eyebrows_1":0,"face":0,"shoes_1":49,"pants_1":11}'),
	(24, 'taxi', 2, 'experimente', 'Experienced', 36, '{"hair_2":0,"hair_color_2":0,"torso_1":26,"bags_1":0,"helmet_2":0,"chain_2":0,"eyebrows_3":0,"makeup_3":0,"makeup_2":0,"tshirt_1":57,"makeup_1":0,"bags_2":0,"makeup_4":0,"eyebrows_4":0,"chain_1":0,"lipstick_4":0,"bproof_2":0,"hair_color_1":0,"decals_2":0,"pants_2":4,"age_2":0,"glasses_2":0,"ears_2":0,"arms":11,"lipstick_1":0,"ears_1":-1,"mask_2":0,"sex":0,"lipstick_3":0,"helmet_1":-1,"shoes_2":0,"beard_2":0,"beard_1":0,"lipstick_2":0,"beard_4":0,"glasses_1":0,"bproof_1":0,"mask_1":0,"decals_1":0,"hair_1":0,"eyebrows_2":0,"beard_3":0,"age_1":0,"tshirt_2":0,"skin":0,"torso_2":0,"eyebrows_1":0,"face":0,"shoes_1":10,"pants_1":24}', '{"hair_2":0,"hair_color_2":0,"torso_1":57,"bags_1":0,"helmet_2":0,"chain_2":0,"eyebrows_3":0,"makeup_3":0,"makeup_2":0,"tshirt_1":38,"makeup_1":0,"bags_2":0,"makeup_4":0,"eyebrows_4":0,"chain_1":0,"lipstick_4":0,"bproof_2":0,"hair_color_1":0,"decals_2":0,"pants_2":1,"age_2":0,"glasses_2":0,"ears_2":0,"arms":21,"lipstick_1":0,"ears_1":-1,"mask_2":0,"sex":1,"lipstick_3":0,"helmet_1":-1,"shoes_2":0,"beard_2":0,"beard_1":0,"lipstick_2":0,"beard_4":0,"glasses_1":5,"bproof_1":0,"mask_1":0,"decals_1":1,"hair_1":0,"eyebrows_2":0,"beard_3":0,"age_1":0,"tshirt_2":0,"skin":0,"torso_2":0,"eyebrows_1":0,"face":0,"shoes_1":49,"pants_1":11}'),
	(25, 'taxi', 3, 'uber', 'Uber Cabby', 48, '{"hair_2":0,"hair_color_2":0,"torso_1":26,"bags_1":0,"helmet_2":0,"chain_2":0,"eyebrows_3":0,"makeup_3":0,"makeup_2":0,"tshirt_1":57,"makeup_1":0,"bags_2":0,"makeup_4":0,"eyebrows_4":0,"chain_1":0,"lipstick_4":0,"bproof_2":0,"hair_color_1":0,"decals_2":0,"pants_2":4,"age_2":0,"glasses_2":0,"ears_2":0,"arms":11,"lipstick_1":0,"ears_1":-1,"mask_2":0,"sex":0,"lipstick_3":0,"helmet_1":-1,"shoes_2":0,"beard_2":0,"beard_1":0,"lipstick_2":0,"beard_4":0,"glasses_1":0,"bproof_1":0,"mask_1":0,"decals_1":0,"hair_1":0,"eyebrows_2":0,"beard_3":0,"age_1":0,"tshirt_2":0,"skin":0,"torso_2":0,"eyebrows_1":0,"face":0,"shoes_1":10,"pants_1":24}', '{"hair_2":0,"hair_color_2":0,"torso_1":57,"bags_1":0,"helmet_2":0,"chain_2":0,"eyebrows_3":0,"makeup_3":0,"makeup_2":0,"tshirt_1":38,"makeup_1":0,"bags_2":0,"makeup_4":0,"eyebrows_4":0,"chain_1":0,"lipstick_4":0,"bproof_2":0,"hair_color_1":0,"decals_2":0,"pants_2":1,"age_2":0,"glasses_2":0,"ears_2":0,"arms":21,"lipstick_1":0,"ears_1":-1,"mask_2":0,"sex":1,"lipstick_3":0,"helmet_1":-1,"shoes_2":0,"beard_2":0,"beard_1":0,"lipstick_2":0,"beard_4":0,"glasses_1":5,"bproof_1":0,"mask_1":0,"decals_1":1,"hair_1":0,"eyebrows_2":0,"beard_3":0,"age_1":0,"tshirt_2":0,"skin":0,"torso_2":0,"eyebrows_1":0,"face":0,"shoes_1":49,"pants_1":11}'),
	(26, 'taxi', 4, 'boss', 'Lead Cabby', 0, '{"hair_2":0,"hair_color_2":0,"torso_1":29,"bags_1":0,"helmet_2":0,"chain_2":0,"eyebrows_3":0,"makeup_3":0,"makeup_2":0,"tshirt_1":31,"makeup_1":0,"bags_2":0,"makeup_4":0,"eyebrows_4":0,"chain_1":0,"lipstick_4":0,"bproof_2":0,"hair_color_1":0,"decals_2":0,"pants_2":4,"age_2":0,"glasses_2":0,"ears_2":0,"arms":1,"lipstick_1":0,"ears_1":-1,"mask_2":0,"sex":0,"lipstick_3":0,"helmet_1":-1,"shoes_2":0,"beard_2":0,"beard_1":0,"lipstick_2":0,"beard_4":0,"glasses_1":0,"bproof_1":0,"mask_1":0,"decals_1":0,"hair_1":0,"eyebrows_2":0,"beard_3":0,"age_1":0,"tshirt_2":0,"skin":0,"torso_2":4,"eyebrows_1":0,"face":0,"shoes_1":10,"pants_1":24}', '{"hair_2":0,"hair_color_2":0,"torso_1":57,"bags_1":0,"helmet_2":0,"chain_2":0,"eyebrows_3":0,"makeup_3":0,"makeup_2":0,"tshirt_1":38,"makeup_1":0,"bags_2":0,"makeup_4":0,"eyebrows_4":0,"chain_1":0,"lipstick_4":0,"bproof_2":0,"hair_color_1":0,"decals_2":0,"pants_2":1,"age_2":0,"glasses_2":0,"ears_2":0,"arms":21,"lipstick_1":0,"ears_1":-1,"mask_2":0,"sex":1,"lipstick_3":0,"helmet_1":-1,"shoes_2":0,"beard_2":0,"beard_1":0,"lipstick_2":0,"beard_4":0,"glasses_1":5,"bproof_1":0,"mask_1":0,"decals_1":1,"hair_1":0,"eyebrows_2":0,"beard_3":0,"age_1":0,"tshirt_2":0,"skin":0,"torso_2":0,"eyebrows_1":0,"face":0,"shoes_1":49,"pants_1":11}'),
	(27, 'mechanic', 0, 'recrue', 'Recruit', 12, '{}', '{}'),
	(28, 'mechanic', 1, 'novice', 'Novice', 24, '{}', '{}'),
	(29, 'mechanic', 2, 'experimente', 'Experienced', 36, '{}', '{}'),
	(30, 'mechanic', 3, 'chief', 'Leader', 48, '{}', '{}'),
	(31, 'mechanic', 4, 'boss', 'Boss', 0, '{}', '{}'),
	(32, 'realestateagent', 0, 'location', 'Renting Agent', 10, '{}', '{}'),
	(33, 'realestateagent', 1, 'vendeur', 'Agent', 25, '{}', '{}'),
	(34, 'realestateagent', 2, 'gestion', 'Management', 40, '{}', '{}'),
	(35, 'realestateagent', 3, 'boss', 'Broker', 50, '{}', '{}'),
	(36, 'mafia', 0, 'recruit', 'Recruit', 0, '{}', '{}'),
	(37, 'mafia', 1, 'boss', 'Boss', 0, '{}', '{}'),
	(38, 'nightclub', 0, 'barman', 'Barkeeper', 1450, '{}', '{}'),
	(39, 'nightclub', 1, 'dancer', 'Dancer', 1450, '{}', '{}'),
	(40, 'nightclub', 2, 'viceboss', 'Co-Manager', 3500, '{}', '{}'),
	(41, 'nightclub', 3, 'boss', 'Manager', 5000, '{}', '{}');

-- Dumping structure for table es_extended.licenses
CREATE TABLE IF NOT EXISTS `licenses` (
  `type` varchar(60) NOT NULL,
  `label` varchar(60) NOT NULL,
  PRIMARY KEY (`type`)
) ENGINE=InnoDB DEFAULT CHARSET=utf8mb4 COLLATE=utf8mb4_unicode_ci;

-- Dumping data for table es_extended.licenses: ~5 rows (approximately)
INSERT INTO `licenses` (`type`, `label`) VALUES
	('dmv', 'Driving Permit'),
	('drive', 'Drivers License'),
	('drive_bike', 'Motorcycle License'),
	('drive_truck', 'Commercial Drivers License'),
	('weapon', 'Weapon License');

-- Dumping structure for table es_extended.mdt_criminal_records
CREATE TABLE IF NOT EXISTS `mdt_criminal_records` (
  `id` int(11) NOT NULL AUTO_INCREMENT,
  `user_id` varchar(46) NOT NULL,
  `officer_id` varchar(46) NOT NULL,
  `description` longtext NOT NULL,
  `crimes` longtext DEFAULT NULL,
  `fine` int(11) NOT NULL,
  `jail` int(11) DEFAULT NULL,
  `created_at` timestamp NULL DEFAULT current_timestamp(),
  PRIMARY KEY (`id`)
) ENGINE=InnoDB DEFAULT CHARSET=utf8mb4 COLLATE=utf8mb4_unicode_ci;

-- Dumping data for table es_extended.mdt_criminal_records: ~0 rows (approximately)

-- Dumping structure for table es_extended.mdt_wanted_players
CREATE TABLE IF NOT EXISTS `mdt_wanted_players` (
  `id` int(11) NOT NULL AUTO_INCREMENT,
  `name` varchar(50) NOT NULL,
  `reason` longtext NOT NULL,
  `image` longtext DEFAULT NULL,
  `created_at` timestamp NULL DEFAULT current_timestamp(),
  PRIMARY KEY (`id`)
) ENGINE=InnoDB DEFAULT CHARSET=utf8mb4 COLLATE=utf8mb4_unicode_ci;

-- Dumping data for table es_extended.mdt_wanted_players: ~0 rows (approximately)

-- Dumping structure for table es_extended.multicharacter_slots
CREATE TABLE IF NOT EXISTS `multicharacter_slots` (
  `identifier` varchar(46) NOT NULL,
  `slots` int(11) NOT NULL,
  PRIMARY KEY (`identifier`) USING BTREE,
  KEY `slots` (`slots`) USING BTREE
) ENGINE=InnoDB DEFAULT CHARSET=utf8mb4 COLLATE=utf8mb4_unicode_ci;

-- Dumping data for table es_extended.multicharacter_slots: ~0 rows (approximately)

-- Dumping structure for table es_extended.npwd_calls
CREATE TABLE IF NOT EXISTS `npwd_calls` (
  `id` int(11) NOT NULL AUTO_INCREMENT,
  `identifier` varchar(46) DEFAULT NULL,
  `transmitter` varchar(255) NOT NULL,
  `receiver` varchar(255) NOT NULL,
  `is_accepted` tinyint(4) DEFAULT 0,
  `isAnonymous` tinyint(4) NOT NULL DEFAULT 0,
  `start` varchar(255) DEFAULT NULL,
  `end` varchar(255) DEFAULT NULL,
  PRIMARY KEY (`id`),
  KEY `identifier` (`identifier`)
) ENGINE=InnoDB DEFAULT CHARSET=utf8mb4 COLLATE=utf8mb4_unicode_ci;

-- Dumping data for table es_extended.npwd_calls: ~0 rows (approximately)

-- Dumping structure for table es_extended.npwd_darkchat_channels
CREATE TABLE IF NOT EXISTS `npwd_darkchat_channels` (
  `id` int(11) NOT NULL AUTO_INCREMENT,
  `channel_identifier` varchar(191) NOT NULL,
  `label` varchar(255) DEFAULT '',
  PRIMARY KEY (`id`) USING BTREE,
  UNIQUE KEY `darkchat_channels_channel_identifier_uindex` (`channel_identifier`) USING BTREE
) ENGINE=InnoDB AUTO_INCREMENT=20 DEFAULT CHARSET=utf8mb4 COLLATE=utf8mb4_general_ci;

-- Dumping data for table es_extended.npwd_darkchat_channels: ~0 rows (approximately)

-- Dumping structure for table es_extended.npwd_darkchat_channel_members
CREATE TABLE IF NOT EXISTS `npwd_darkchat_channel_members` (
  `channel_id` int(11) NOT NULL,
  `user_identifier` varchar(255) NOT NULL,
  `is_owner` tinyint(4) NOT NULL DEFAULT 0,
  KEY `npwd_darkchat_channel_members_npwd_darkchat_channels_id_fk` (`channel_id`) USING BTREE,
  CONSTRAINT `npwd_darkchat_channel_members_npwd_darkchat_channels_id_fk` FOREIGN KEY (`channel_id`) REFERENCES `npwd_darkchat_channels` (`id`)
) ENGINE=InnoDB DEFAULT CHARSET=utf8mb4 COLLATE=utf8mb4_general_ci;

-- Dumping data for table es_extended.npwd_darkchat_channel_members: ~0 rows (approximately)

-- Dumping structure for table es_extended.npwd_darkchat_messages
CREATE TABLE IF NOT EXISTS `npwd_darkchat_messages` (
  `id` int(11) NOT NULL AUTO_INCREMENT,
  `channel_id` int(11) NOT NULL,
  `message` varchar(255) NOT NULL,
  `user_identifier` varchar(255) NOT NULL,
  `createdAt` timestamp NOT NULL DEFAULT current_timestamp(),
  `is_image` tinyint(4) NOT NULL DEFAULT 0,
  PRIMARY KEY (`id`) USING BTREE,
  KEY `darkchat_messages_darkchat_channels_id_fk` (`channel_id`) USING BTREE,
  CONSTRAINT `darkchat_messages_darkchat_channels_id_fk` FOREIGN KEY (`channel_id`) REFERENCES `npwd_darkchat_channels` (`id`)
) ENGINE=InnoDB AUTO_INCREMENT=31 DEFAULT CHARSET=utf8mb4 COLLATE=utf8mb4_general_ci;

-- Dumping data for table es_extended.npwd_darkchat_messages: ~0 rows (approximately)

-- Dumping structure for table es_extended.npwd_marketplace_listings
CREATE TABLE IF NOT EXISTS `npwd_marketplace_listings` (
  `id` int(11) NOT NULL AUTO_INCREMENT,
  `identifier` varchar(46) DEFAULT NULL,
  `username` varchar(255) DEFAULT NULL,
  `name` varchar(50) DEFAULT NULL,
  `number` varchar(255) NOT NULL,
  `title` varchar(255) DEFAULT NULL,
  `url` varchar(255) DEFAULT NULL,
  `description` varchar(255) NOT NULL,
  `createdAt` timestamp NOT NULL DEFAULT current_timestamp(),
  `updatedAt` timestamp NOT NULL DEFAULT current_timestamp() ON UPDATE current_timestamp(),
  `reported` tinyint(4) NOT NULL DEFAULT 0,
  PRIMARY KEY (`id`),
  KEY `identifier` (`identifier`)
) ENGINE=InnoDB DEFAULT CHARSET=utf8mb4 COLLATE=utf8mb4_unicode_ci;

-- Dumping data for table es_extended.npwd_marketplace_listings: ~0 rows (approximately)

-- Dumping structure for table es_extended.npwd_match_profiles
CREATE TABLE IF NOT EXISTS `npwd_match_profiles` (
  `id` int(11) NOT NULL AUTO_INCREMENT,
  `identifier` varchar(46) DEFAULT NULL,
  `name` varchar(90) NOT NULL,
  `image` varchar(255) NOT NULL,
  `bio` varchar(512) DEFAULT NULL,
  `location` varchar(45) DEFAULT NULL,
  `job` varchar(45) DEFAULT NULL,
  `tags` varchar(255) NOT NULL DEFAULT '',
  `voiceMessage` varchar(512) DEFAULT NULL,
  `createdAt` timestamp NOT NULL DEFAULT current_timestamp(),
  `updatedAt` timestamp NOT NULL DEFAULT current_timestamp() ON UPDATE current_timestamp(),
  PRIMARY KEY (`id`),
  UNIQUE KEY `identifier_UNIQUE` (`identifier`)
) ENGINE=InnoDB AUTO_INCREMENT=3 DEFAULT CHARSET=utf8mb4 COLLATE=utf8mb4_unicode_ci;

-- Dumping data for table es_extended.npwd_match_profiles: ~0 rows (approximately)

-- Dumping structure for table es_extended.npwd_match_views
CREATE TABLE IF NOT EXISTS `npwd_match_views` (
  `id` int(11) NOT NULL AUTO_INCREMENT,
  `identifier` varchar(46) DEFAULT NULL,
  `profile` int(11) NOT NULL,
  `liked` tinyint(4) DEFAULT 0,
  `createdAt` timestamp NOT NULL DEFAULT current_timestamp(),
  `updatedAt` timestamp NOT NULL DEFAULT current_timestamp() ON UPDATE current_timestamp(),
  PRIMARY KEY (`id`),
  KEY `match_profile_idx` (`profile`),
  KEY `identifier` (`identifier`),
  CONSTRAINT `match_profile` FOREIGN KEY (`profile`) REFERENCES `npwd_match_profiles` (`id`)
) ENGINE=InnoDB DEFAULT CHARSET=utf8mb4 COLLATE=utf8mb4_unicode_ci;

-- Dumping data for table es_extended.npwd_match_views: ~0 rows (approximately)

-- Dumping structure for table es_extended.npwd_messages
CREATE TABLE IF NOT EXISTS `npwd_messages` (
  `id` int(11) NOT NULL AUTO_INCREMENT,
  `message` varchar(512) CHARACTER SET utf8mb4 COLLATE utf8mb4_general_ci NOT NULL,
  `user_identifier` varchar(48) CHARACTER SET utf8mb4 COLLATE utf8mb4_general_ci NOT NULL,
  `conversation_id` varchar(512) NOT NULL,
  `isRead` tinyint(4) NOT NULL DEFAULT 0,
  `createdAt` timestamp NOT NULL DEFAULT current_timestamp(),
  `updatedAt` timestamp NOT NULL DEFAULT current_timestamp() ON UPDATE current_timestamp(),
  `visible` tinyint(4) NOT NULL DEFAULT 1,
  `author` varchar(255) NOT NULL,
  `is_embed` tinyint(4) NOT NULL DEFAULT 0,
  `embed` varchar(512) NOT NULL DEFAULT '',
  PRIMARY KEY (`id`),
  KEY `user_identifier` (`user_identifier`)
) ENGINE=InnoDB DEFAULT CHARSET=utf8mb4 COLLATE=utf8mb4_unicode_ci;

-- Dumping data for table es_extended.npwd_messages: ~0 rows (approximately)

-- Dumping structure for table es_extended.npwd_messages_conversations
CREATE TABLE IF NOT EXISTS `npwd_messages_conversations` (
  `id` int(11) NOT NULL AUTO_INCREMENT,
  `conversation_list` varchar(225) CHARACTER SET utf8mb4 COLLATE utf8mb4_general_ci NOT NULL,
  `label` varchar(60) CHARACTER SET utf8mb4 COLLATE utf8mb4_general_ci DEFAULT '',
  `createdAt` timestamp NOT NULL DEFAULT current_timestamp(),
  `updatedAt` timestamp NOT NULL DEFAULT current_timestamp(),
  `last_message_id` int(11) DEFAULT NULL,
  `is_group_chat` tinyint(4) NOT NULL DEFAULT 0,
  PRIMARY KEY (`id`) USING BTREE
) ENGINE=InnoDB DEFAULT CHARSET=utf8mb4 COLLATE=utf8mb4_unicode_ci;

-- Dumping data for table es_extended.npwd_messages_conversations: ~0 rows (approximately)

-- Dumping structure for table es_extended.npwd_messages_participants
CREATE TABLE IF NOT EXISTS `npwd_messages_participants` (
  `id` int(11) NOT NULL AUTO_INCREMENT,
  `conversation_id` int(11) NOT NULL,
  `participant` varchar(225) CHARACTER SET utf8mb4 COLLATE utf8mb4_general_ci NOT NULL,
  `unread_count` int(11) DEFAULT 0,
  PRIMARY KEY (`id`) USING BTREE,
  KEY `message_participants_npwd_messages_conversations_id_fk` (`conversation_id`) USING BTREE,
  CONSTRAINT `message_participants_npwd_messages_conversations_id_fk` FOREIGN KEY (`conversation_id`) REFERENCES `npwd_messages_conversations` (`id`)
) ENGINE=InnoDB DEFAULT CHARSET=utf8mb4 COLLATE=utf8mb4_unicode_ci;

-- Dumping data for table es_extended.npwd_messages_participants: ~0 rows (approximately)

-- Dumping structure for table es_extended.npwd_notes
CREATE TABLE IF NOT EXISTS `npwd_notes` (
  `id` int(11) NOT NULL AUTO_INCREMENT,
  `identifier` varchar(46) DEFAULT NULL,
  `title` varchar(255) NOT NULL,
  `content` varchar(255) NOT NULL,
  PRIMARY KEY (`id`),
  KEY `identifier` (`identifier`)
) ENGINE=InnoDB DEFAULT CHARSET=utf8mb4 COLLATE=utf8mb4_unicode_ci;

-- Dumping data for table es_extended.npwd_notes: ~0 rows (approximately)

-- Dumping structure for table es_extended.npwd_phone_contacts
CREATE TABLE IF NOT EXISTS `npwd_phone_contacts` (
  `id` int(11) NOT NULL AUTO_INCREMENT,
  `identifier` varchar(46) DEFAULT NULL,
  `avatar` varchar(255) DEFAULT NULL,
  `number` varchar(20) DEFAULT NULL,
  `display` varchar(255) NOT NULL DEFAULT '',
  PRIMARY KEY (`id`),
  KEY `identifier` (`identifier`)
) ENGINE=InnoDB DEFAULT CHARSET=utf8mb4 COLLATE=utf8mb4_unicode_ci;

-- Dumping data for table es_extended.npwd_phone_contacts: ~0 rows (approximately)

-- Dumping structure for table es_extended.npwd_phone_gallery
CREATE TABLE IF NOT EXISTS `npwd_phone_gallery` (
  `id` int(11) NOT NULL AUTO_INCREMENT,
  `identifier` varchar(46) DEFAULT NULL,
  `image` varchar(255) NOT NULL,
  PRIMARY KEY (`id`),
  KEY `identifier` (`identifier`)
) ENGINE=InnoDB DEFAULT CHARSET=utf8mb4 COLLATE=utf8mb4_unicode_ci;

-- Dumping data for table es_extended.npwd_phone_gallery: ~0 rows (approximately)

-- Dumping structure for table es_extended.npwd_twitter_likes
CREATE TABLE IF NOT EXISTS `npwd_twitter_likes` (
  `id` int(11) NOT NULL AUTO_INCREMENT,
  `profile_id` int(11) NOT NULL,
  `tweet_id` int(11) NOT NULL,
  PRIMARY KEY (`id`),
  UNIQUE KEY `unique_combination` (`profile_id`,`tweet_id`),
  KEY `profile_idx` (`profile_id`),
  KEY `tweet_idx` (`tweet_id`),
  CONSTRAINT `profile` FOREIGN KEY (`profile_id`) REFERENCES `npwd_twitter_profiles` (`id`),
  CONSTRAINT `tweet` FOREIGN KEY (`tweet_id`) REFERENCES `npwd_twitter_tweets` (`id`) ON DELETE CASCADE
) ENGINE=InnoDB DEFAULT CHARSET=utf8mb4 COLLATE=utf8mb4_unicode_ci;

-- Dumping data for table es_extended.npwd_twitter_likes: ~0 rows (approximately)

-- Dumping structure for table es_extended.npwd_twitter_profiles
CREATE TABLE IF NOT EXISTS `npwd_twitter_profiles` (
  `id` int(11) NOT NULL AUTO_INCREMENT,
  `profile_name` varchar(90) NOT NULL,
  `identifier` varchar(46) DEFAULT NULL,
  `avatar_url` varchar(255) DEFAULT 'https://i.fivemanage.com/images/3ClWwmpwkFhL.png',
  `createdAt` timestamp NOT NULL DEFAULT current_timestamp(),
  `updatedAt` timestamp NOT NULL DEFAULT current_timestamp() ON UPDATE current_timestamp(),
  PRIMARY KEY (`id`),
  UNIQUE KEY `profile_name_UNIQUE` (`profile_name`),
  KEY `identifier` (`identifier`)
) ENGINE=InnoDB AUTO_INCREMENT=3 DEFAULT CHARSET=utf8mb4 COLLATE=utf8mb4_unicode_ci;

-- Dumping data for table es_extended.npwd_twitter_profiles: ~0 rows (approximately)

-- Dumping structure for table es_extended.npwd_twitter_reports
CREATE TABLE IF NOT EXISTS `npwd_twitter_reports` (
  `id` int(11) NOT NULL AUTO_INCREMENT,
  `profile_id` int(11) NOT NULL,
  `tweet_id` int(11) NOT NULL,
  PRIMARY KEY (`id`),
  UNIQUE KEY `unique_combination` (`profile_id`,`tweet_id`),
  KEY `profile_idx` (`profile_id`),
  KEY `tweet_idx` (`tweet_id`),
  CONSTRAINT `report_profile` FOREIGN KEY (`profile_id`) REFERENCES `npwd_twitter_profiles` (`id`),
  CONSTRAINT `report_tweet` FOREIGN KEY (`tweet_id`) REFERENCES `npwd_twitter_tweets` (`id`) ON DELETE CASCADE
) ENGINE=InnoDB DEFAULT CHARSET=utf8mb4 COLLATE=utf8mb4_unicode_ci;

-- Dumping data for table es_extended.npwd_twitter_reports: ~0 rows (approximately)

-- Dumping structure for table es_extended.npwd_twitter_tweets
CREATE TABLE IF NOT EXISTS `npwd_twitter_tweets` (
  `id` int(11) NOT NULL AUTO_INCREMENT,
  `message` varchar(1000) CHARACTER SET utf8mb4 COLLATE utf8mb4_general_ci NOT NULL,
  `createdAt` timestamp NOT NULL DEFAULT current_timestamp(),
  `updatedAt` timestamp NOT NULL DEFAULT current_timestamp() ON UPDATE current_timestamp(),
  `likes` int(11) NOT NULL DEFAULT 0,
  `identifier` varchar(46) DEFAULT NULL,
  `visible` tinyint(4) NOT NULL DEFAULT 1,
  `images` varchar(1000) CHARACTER SET utf8mb4 COLLATE utf8mb4_general_ci DEFAULT '',
  `retweet` int(11) DEFAULT NULL,
  `profile_id` int(11) NOT NULL,
  PRIMARY KEY (`id`) USING BTREE,
  KEY `npwd_twitter_tweets_npwd_twitter_profiles_id_fk` (`profile_id`) USING BTREE,
  CONSTRAINT `npwd_twitter_tweets_npwd_twitter_profiles_id_fk` FOREIGN KEY (`profile_id`) REFERENCES `npwd_twitter_profiles` (`id`)
) ENGINE=InnoDB DEFAULT CHARSET=utf8mb4 COLLATE=utf8mb4_unicode_ci;

-- Dumping data for table es_extended.npwd_twitter_tweets: ~0 rows (approximately)

-- Dumping structure for table es_extended.owned_vehicles
CREATE TABLE IF NOT EXISTS `owned_vehicles` (
  `owner` varchar(46) DEFAULT NULL,
  `plate` varchar(12) NOT NULL,
  `vehicle` longtext DEFAULT NULL,
  `type` varchar(20) NOT NULL DEFAULT 'car',
  `job` varchar(20) DEFAULT NULL,
  `stored` tinyint(1) NOT NULL DEFAULT 0,
  `parking` varchar(60) DEFAULT NULL,
  `pound` varchar(60) DEFAULT NULL,
  `glovebox` longtext DEFAULT NULL,
  `trunk` longtext DEFAULT NULL,
  PRIMARY KEY (`plate`)
) ENGINE=InnoDB DEFAULT CHARSET=utf8mb4 COLLATE=utf8mb4_unicode_ci;

-- Dumping data for table es_extended.owned_vehicles: ~0 rows (approximately)

-- Dumping structure for table es_extended.ox_doorlock
CREATE TABLE IF NOT EXISTS `ox_doorlock` (
  `id` int(11) unsigned NOT NULL AUTO_INCREMENT,
  `name` varchar(50) NOT NULL,
  `data` longtext NOT NULL,
  PRIMARY KEY (`id`)
) ENGINE=InnoDB AUTO_INCREMENT=24 DEFAULT CHARSET=utf8mb4 COLLATE=utf8mb4_unicode_ci;

-- Dumping data for table es_extended.ox_doorlock: ~23 rows (approximately)
INSERT INTO `ox_doorlock` (`id`, `name`, `data`) VALUES
	(1, 'mrpd_office', '{"maxDistance":2,"lockSound":"door_bolt","heading":180,"doors":false,"unlockSound":"door_bolt","items":[{"name":"key_police"}],"coords":{"x":446.57281494140627,"y":-980.0105590820313,"z":30.83930206298828},"state":1,"model":-1320876379}'),
	(2, 'mrpd_lockerrooms', '{"maxDistance":2,"lockSound":"door_bolt","heading":90,"doors":false,"unlockSound":"door_bolt","items":[{"name":"key_police"}],"coords":{"x":450.1041259765625,"y":-985.7384033203125,"z":30.83930206298828},"state":1,"model":1557126584}'),
	(3, 'mrpd_roof', '{"maxDistance":2,"lockSound":"door_bolt","heading":90,"doors":false,"unlockSound":"door_bolt","items":[{"name":"key_police"}],"coords":{"x":464.361328125,"y":-984.6780395507813,"z":43.83443450927734},"state":1,"model":-340230128}'),
	(4, 'mrpd_lobby_down', '{"maxDistance":2,"lockSound":"door_bolt","doors":[{"heading":0,"model":185711165,"coords":{"x":446.0079345703125,"y":-989.4454345703125,"z":30.83930206298828}},{"heading":180,"model":185711165,"coords":{"x":443.40777587890627,"y":-989.4454345703125,"z":30.83930206298828}}],"unlockSound":"door_bolt","items":[{"name":"key_police"}],"coords":{"x":444.7078552246094,"y":-989.4454345703125,"z":30.83930206298828},"state":1}'),
	(5, 'mrpd_front_lobby', '{"state":0,"lockSound":"door_bolt","doors":[{"heading":270,"coords":{"x":434.74786376953127,"y":-980.618408203125,"z":30.83926391601562},"model":-1215222675},{"heading":270,"coords":{"x":434.74786376953127,"y":-983.215087890625,"z":30.83926391601562},"model":320433149}],"maxDistance":2,"coords":{"x":434.74786376953127,"y":-981.916748046875,"z":30.83926391601562},"unlockSound":"door_bolt","items":[{"name":"key_police"}]}'),
	(6, 'mrpd_gateback', '{"maxDistance":5,"lockSound":"door_bolt","heading":90,"doors":false,"unlockSound":"door_bolt","auto":true,"items":[{"name":"key_police"}],"coords":{"x":488.894775390625,"y":-1017.2122802734375,"z":27.14934539794922},"state":1,"model":-1603817716,"doorRate":1}'),
	(7, 'mrpd_back_entrance', '{"maxDistance":2,"lockSound":"door_bolt","doors":[{"heading":180,"model":-2023754432,"coords":{"x":469.9678955078125,"y":-1014.4520263671875,"z":26.5362319946289}},{"heading":0,"model":-2023754432,"coords":{"x":467.37164306640627,"y":-1014.4520263671875,"z":26.5362319946289}}],"unlockSound":"door_bolt","items":[{"name":"key_police"}],"coords":{"x":468.6697692871094,"y":-1014.4520263671875,"z":26.5362319946289},"state":1}'),
	(8, 'mrpd_cell_middle', '{"maxDistance":2,"lockSound":"metallic_creak","heading":90,"doors":false,"unlockSound":"metallic_creak","items":[{"name":"key_police"}],"coords":{"x":461.8064880371094,"y":-997.6583251953125,"z":25.06442642211914},"state":1,"model":631614199}'),
	(9, 'mrpd_cell_left', '{"maxDistance":2,"lockSound":"metallic_creak","heading":90,"doors":false,"unlockSound":"metallic_creak","items":[{"name":"key_police"}],"coords":{"x":461.8065185546875,"y":-1001.301513671875,"z":25.06442642211914},"state":1,"model":631614199}'),
	(10, 'mrpd_cell_right', '{"maxDistance":2,"lockSound":"metallic_creak","heading":270,"doors":false,"unlockSound":"metallic_creak","items":[{"name":"key_police"}],"coords":{"x":461.8065185546875,"y":-994.4085693359375,"z":25.06442642211914},"state":1,"model":631614199}'),
	(11, 'mechanic', '{"state":1,"heading":250,"doors":false,"auto":true,"coords":{"x":-356.0378723144531,"y":-134.7915496826172,"z":40.01295471191406},"maxDistance":7,"unlockSound":"door_bolt","doorRate":1,"model":-550347177,"lockSound":"door_bolt","items":[{"name":"key_mechanic"}]}'),
	(12, 'realestateagent_front', '{"maxDistance":2,"lockSound":"door_bolt","doors":[{"heading":186,"model":220394186,"coords":{"x":-140.697265625,"y":-626.208251953125,"z":168.97561645507813}},{"heading":6,"model":220394186,"coords":{"x":-139.0563201904297,"y":-626.0357666015625,"z":168.97561645507813}}],"unlockSound":"door_bolt","items":[{"name":"key_realestateagent"}],"coords":{"x":-139.87680053710938,"y":-626.1220092773438,"z":168.97561645507813},"state":1}'),
	(13, 'cardealer_front_side', '{"maxDistance":2,"lockSound":"door_bolt","doors":[{"heading":250,"model":1417577297,"coords":{"x":-60.54581832885742,"y":-1094.7489013671876,"z":26.88871574401855}},{"heading":250,"model":2059227086,"coords":{"x":-59.89302444458008,"y":-1092.9517822265626,"z":26.88361740112304}}],"unlockSound":"door_bolt","items":[{"name":"key_cardealer"}],"coords":{"x":-60.21942138671875,"y":-1093.850341796875,"z":26.88616561889648},"state":1}'),
	(14, 'cardealer_front', '{"maxDistance":2,"lockSound":"door_bolt","doors":[{"heading":340,"model":1417577297,"coords":{"x":-37.33112716674805,"y":-1108.873291015625,"z":26.71979904174804}},{"heading":340,"model":2059227086,"coords":{"x":-39.13366317749023,"y":-1108.2181396484376,"z":26.71979904174804}}],"unlockSound":"door_bolt","items":[{"name":"key_cardealer"}],"coords":{"x":-38.23239517211914,"y":-1108.545654296875,"z":26.71979904174804},"state":1}'),
	(15, 'cardealer_inside_right', '{"maxDistance":2,"lockSound":"door_bolt","heading":70,"doors":false,"unlockSound":"door_bolt","items":[{"name":"key_cardealer"}],"coords":{"x":-33.80989456176758,"y":-1107.5787353515626,"z":26.5722541809082},"state":1,"model":-2051651622}'),
	(16, 'cardealer_inside_left', '{"maxDistance":2,"lockSound":"door_bolt","heading":70,"doors":false,"unlockSound":"door_bolt","items":[{"name":"key_cardealer"}],"coords":{"x":-31.72352981567382,"y":-1101.8465576171876,"z":26.5722541809082},"state":1,"model":-2051651622}'),
	(17, 'ambulance_reception_front', '{"maxDistance":2,"lockSound":"door_bolt","heading":320,"doors":false,"unlockSound":"door_bolt","items":[{"name":"key_ambulance"}],"coords":{"x":272.217529296875,"y":-1361.5660400390626,"z":24.55153083801269},"state":1,"model":1653893025}'),
	(18, 'ambulance_reception_inside', '{"maxDistance":2,"lockSound":"door_bolt","heading":230,"doors":false,"unlockSound":"door_bolt","items":[{"name":"key_ambulance"}],"coords":{"x":265.0613708496094,"y":-1363.31201171875,"z":24.55153083801269},"state":1,"model":1653893025}'),
	(19, 'mafia_front', '{"model":520341586,"heading":180,"unlockSound":"door_bolt","maxDistance":1,"lockSound":"door_bolt","doors":false,"coords":{"x":-14.86892127990722,"y":-1441.18212890625,"z":31.1932258605957},"state":1,"items":[{"name":"key_mafia"}]}'),
	(20, 'mafia_garage', '{"model":703855057,"heading":0,"unlockSound":"door_bolt","maxDistance":3,"auto":true,"lockSound":"door_bolt","doors":false,"coords":{"x":-25.27840042114257,"y":-1431.061279296875,"z":30.83955383300781},"state":1,"items":[{"name":"key_mafia"}]}'),
	(21, 'nightclub_front', '{"state":1,"model":-1116041313,"coords":{"x":127.95523834228516,"y":-1298.50341796875,"z":29.41962242126465},"heading":30,"lockSound":"door_bolt","doors":false,"unlockSound":"door_bolt","maxDistance":2,"items":[{"name":"key_nightclub"}]}'),
	(22, 'nightclub_back', '{"state":1,"model":668467214,"coords":{"x":96.09197235107422,"y":-1284.853759765625,"z":29.43878364562988},"heading":210,"lockSound":"door_bolt","doors":false,"unlockSound":"door_bolt","maxDistance":2,"items":[{"name":"key_nightclub"}]}'),
	(23, 'nightclub_inside', '{"state":1,"model":-495720969,"coords":{"x":113.98223876953125,"y":-1297.430419921875,"z":29.4186782836914},"heading":300,"lockSound":"door_bolt","doors":false,"unlockSound":"door_bolt","maxDistance":2,"items":[{"name":"key_nightclub"}]}');

-- Dumping structure for table es_extended.ox_inventory
CREATE TABLE IF NOT EXISTS `ox_inventory` (
  `owner` varchar(46) DEFAULT NULL,
  `name` varchar(100) NOT NULL,
  `data` longtext DEFAULT NULL,
  `lastupdated` timestamp NULL DEFAULT current_timestamp() ON UPDATE current_timestamp(),
  UNIQUE KEY `owner` (`owner`,`name`)
) ENGINE=InnoDB DEFAULT CHARSET=utf8mb4 COLLATE=utf8mb4_unicode_ci;

-- Dumping data for table es_extended.ox_inventory: ~2 rows (approximately)
INSERT INTO `ox_inventory` (`owner`, `name`, `data`, `lastupdated`) VALUES
	('', 'society_police', NULL, '2024-12-26 03:30:00'),
	('', 'mafia_stash', NULL, '2025-01-05 13:55:00');

-- Dumping structure for table es_extended.pefcl_accounts
CREATE TABLE IF NOT EXISTS `pefcl_accounts` (
  `id` int(11) NOT NULL AUTO_INCREMENT,
  `number` varchar(255) DEFAULT NULL,
  `accountName` varchar(255) DEFAULT NULL,
  `isDefault` tinyint(1) DEFAULT 0,
  `ownerIdentifier` varchar(255) DEFAULT NULL,
  `role` varchar(255) DEFAULT 'owner',
  `balance` int(11) DEFAULT 25000,
  `type` varchar(255) DEFAULT 'personal',
  `createdAt` datetime NOT NULL,
  `updatedAt` datetime NOT NULL,
  `deletedAt` datetime DEFAULT NULL,
  PRIMARY KEY (`id`),
  UNIQUE KEY `number` (`number`),
  UNIQUE KEY `number_2` (`number`)
) ENGINE=InnoDB AUTO_INCREMENT=24 DEFAULT CHARSET=utf8mb4 COLLATE=utf8mb4_uca1400_ai_ci;

-- Dumping data for table es_extended.pefcl_accounts: ~7 rows (approximately)
INSERT INTO `pefcl_accounts` (`id`, `number`, `accountName`, `isDefault`, `ownerIdentifier`, `role`, `balance`, `type`, `createdAt`, `updatedAt`, `deletedAt`) VALUES
	(14, '920,2552-0780-3466', 'Police', 1, 'police', 'owner', 500, 'shared', '2024-12-26 02:17:07', '2024-12-26 02:17:07', NULL),
	(15, '920,1243-2610-0466', 'Ambulance', 1, 'ambulance', 'owner', 500, 'shared', '2024-12-26 02:45:01', '2024-12-26 02:45:01', NULL),
	(17, '920,4618-2013-3077', 'mechanic', 1, 'mechanic', 'owner', 500, 'shared', '2024-12-29 06:38:44', '2024-12-29 06:38:44', NULL),
	(20, '920,0325-2505-1874', 'Nightclub', 1, 'nightclub', 'owner', 500, 'shared', '2025-01-08 01:03:36', '2025-01-08 01:03:36', NULL),
	(21, '920,0433-3725-3236', 'Car Dealership', 1, 'cardealer', 'owner', 500, 'shared', '2025-01-13 06:23:08', '2025-01-13 06:23:08', NULL),
	(22, '920,6863-0741-1244', 'Taxi', 1, 'taxi', 'owner', 500, 'shared', '2025-01-13 06:38:35', '2025-01-13 06:38:35', NULL),
	(23, '920,8456-2126-3125', 'Real Estate Agents', 1, 'realestateagent', 'owner', 500, 'shared', '2025-01-13 06:48:36', '2025-01-13 06:48:36', NULL);

-- Dumping structure for table es_extended.pefcl_cash
CREATE TABLE IF NOT EXISTS `pefcl_cash` (
  `id` int(11) NOT NULL AUTO_INCREMENT,
  `amount` int(11) DEFAULT 2000,
  `ownerIdentifier` varchar(255) DEFAULT NULL,
  `createdAt` datetime NOT NULL,
  `updatedAt` datetime NOT NULL,
  PRIMARY KEY (`id`),
  UNIQUE KEY `ownerIdentifier` (`ownerIdentifier`),
  UNIQUE KEY `ownerIdentifier_2` (`ownerIdentifier`)
) ENGINE=InnoDB DEFAULT CHARSET=utf8mb4 COLLATE=utf8mb4_uca1400_ai_ci;

-- Dumping data for table es_extended.pefcl_cash: ~0 rows (approximately)

-- Dumping structure for table es_extended.pefcl_external_accounts
CREATE TABLE IF NOT EXISTS `pefcl_external_accounts` (
  `id` int(11) NOT NULL AUTO_INCREMENT,
  `number` varchar(255) DEFAULT NULL,
  `name` varchar(255) DEFAULT NULL,
  `userId` varchar(255) DEFAULT NULL,
  `createdAt` datetime NOT NULL,
  `updatedAt` datetime NOT NULL,
  PRIMARY KEY (`id`),
  UNIQUE KEY `pefcl_external_accounts_user_id_number` (`userId`,`number`)
) ENGINE=InnoDB DEFAULT CHARSET=utf8mb4 COLLATE=utf8mb4_uca1400_ai_ci;

-- Dumping data for table es_extended.pefcl_external_accounts: ~0 rows (approximately)

-- Dumping structure for table es_extended.pefcl_invoices
CREATE TABLE IF NOT EXISTS `pefcl_invoices` (
  `id` int(11) NOT NULL AUTO_INCREMENT,
  `message` varchar(255) NOT NULL,
  `from` varchar(255) NOT NULL,
  `to` varchar(255) NOT NULL,
  `fromIdentifier` varchar(255) NOT NULL,
  `toIdentifier` varchar(255) NOT NULL,
  `receiverAccountIdentifier` varchar(255) DEFAULT NULL,
  `amount` int(11) DEFAULT 0,
  `status` varchar(255) DEFAULT 'PENDING',
  `expiresAt` datetime NOT NULL,
  `createdAt` datetime NOT NULL,
  `updatedAt` datetime NOT NULL,
  PRIMARY KEY (`id`)
) ENGINE=InnoDB DEFAULT CHARSET=utf8mb4 COLLATE=utf8mb4_uca1400_ai_ci;

-- Dumping data for table es_extended.pefcl_invoices: ~0 rows (approximately)

-- Dumping structure for table es_extended.pefcl_shared_accounts
CREATE TABLE IF NOT EXISTS `pefcl_shared_accounts` (
  `id` int(11) NOT NULL AUTO_INCREMENT,
  `userIdentifier` varchar(255) DEFAULT NULL,
  `name` varchar(255) DEFAULT NULL,
  `role` varchar(255) DEFAULT 'contributor',
  `createdAt` datetime NOT NULL,
  `updatedAt` datetime NOT NULL,
  `deletedAt` datetime DEFAULT NULL,
  `accountId` int(11) DEFAULT NULL,
  PRIMARY KEY (`id`),
  KEY `accountId` (`accountId`),
  CONSTRAINT `pefcl_shared_accounts_ibfk_1` FOREIGN KEY (`accountId`) REFERENCES `pefcl_accounts` (`id`) ON DELETE SET NULL ON UPDATE CASCADE
) ENGINE=InnoDB DEFAULT CHARSET=utf8mb4 COLLATE=utf8mb4_uca1400_ai_ci;

-- Dumping data for table es_extended.pefcl_shared_accounts: ~0 rows (approximately)

-- Dumping structure for table es_extended.pefcl_transactions
CREATE TABLE IF NOT EXISTS `pefcl_transactions` (
  `id` int(11) NOT NULL AUTO_INCREMENT,
  `message` varchar(255) DEFAULT NULL,
  `amount` int(11) DEFAULT 0,
  `type` varchar(255) DEFAULT 'Outgoing',
  `createdAt` datetime NOT NULL,
  `updatedAt` datetime NOT NULL,
  `toAccountId` int(11) DEFAULT NULL,
  `fromAccountId` int(11) DEFAULT NULL,
  PRIMARY KEY (`id`),
  KEY `toAccountId` (`toAccountId`),
  KEY `fromAccountId` (`fromAccountId`),
  CONSTRAINT `pefcl_transactions_ibfk_1` FOREIGN KEY (`toAccountId`) REFERENCES `pefcl_accounts` (`id`) ON DELETE SET NULL ON UPDATE CASCADE,
  CONSTRAINT `pefcl_transactions_ibfk_2` FOREIGN KEY (`fromAccountId`) REFERENCES `pefcl_accounts` (`id`) ON DELETE SET NULL ON UPDATE CASCADE
) ENGINE=InnoDB DEFAULT CHARSET=utf8mb4 COLLATE=utf8mb4_uca1400_ai_ci;

-- Dumping data for table es_extended.pefcl_transactions: ~0 rows (approximately)

-- Dumping structure for table es_extended.player_outfits
CREATE TABLE IF NOT EXISTS `player_outfits` (
  `id` int(11) NOT NULL AUTO_INCREMENT,
  `citizenid` varchar(50) DEFAULT NULL,
  `outfitname` varchar(50) NOT NULL DEFAULT '0',
  `model` varchar(50) DEFAULT NULL,
  `props` varchar(1000) DEFAULT NULL,
  `components` varchar(1500) DEFAULT NULL,
  PRIMARY KEY (`id`),
  UNIQUE KEY `citizenid_outfitname_model` (`citizenid`,`outfitname`,`model`),
  KEY `citizenid` (`citizenid`)
) ENGINE=InnoDB AUTO_INCREMENT=26 DEFAULT CHARSET=utf8mb4 COLLATE=utf8mb4_uca1400_ai_ci;

-- Dumping data for table es_extended.player_outfits: ~0 rows (approximately)

-- Dumping structure for table es_extended.player_outfit_codes
CREATE TABLE IF NOT EXISTS `player_outfit_codes` (
  `id` int(11) NOT NULL AUTO_INCREMENT,
  `outfitid` int(11) NOT NULL,
  `code` varchar(50) NOT NULL DEFAULT '',
  PRIMARY KEY (`id`),
  KEY `FK_player_outfit_codes_player_outfits` (`outfitid`)
) ENGINE=InnoDB DEFAULT CHARSET=utf8mb4 COLLATE=utf8mb4_general_ci;

-- Dumping data for table es_extended.player_outfit_codes: ~0 rows (approximately)

-- Dumping structure for table es_extended.player_skills
CREATE TABLE IF NOT EXISTS `player_skills` (
  `identifier` varchar(46) NOT NULL,
  `strength` int(11) DEFAULT 0,
  `stamina` int(11) DEFAULT 0,
  PRIMARY KEY (`identifier`)
) ENGINE=InnoDB DEFAULT CHARSET=utf8mb3 COLLATE=utf8mb3_general_ci;

-- Dumping data for table es_extended.player_skills: ~0 rows (approximately)

-- Dumping structure for table es_extended.rented_vehicles
CREATE TABLE IF NOT EXISTS `rented_vehicles` (
  `vehicle` varchar(60) NOT NULL,
  `plate` varchar(12) NOT NULL,
  `player_name` varchar(255) NOT NULL,
  `base_price` int(11) NOT NULL,
  `rent_price` int(11) NOT NULL,
  `owner` varchar(46) DEFAULT NULL,
  PRIMARY KEY (`plate`)
) ENGINE=InnoDB DEFAULT CHARSET=utf8mb4 COLLATE=utf8mb4_unicode_ci;

-- Dumping data for table es_extended.rented_vehicles: ~0 rows (approximately)

-- Dumping structure for table es_extended.renzu_motels
CREATE TABLE IF NOT EXISTS `renzu_motels` (
  `id` int(11) NOT NULL AUTO_INCREMENT,
  `motel` varchar(64) DEFAULT NULL,
  `hour_rate` int(11) DEFAULT 0,
  `revenue` int(11) DEFAULT 0,
  `employees` longtext DEFAULT NULL,
  `rooms` longtext DEFAULT NULL,
  `owned` varchar(64) DEFAULT NULL,
  PRIMARY KEY (`id`)
) ENGINE=InnoDB AUTO_INCREMENT=5 DEFAULT CHARSET=utf8mb4 COLLATE=utf8mb4_unicode_ci;

-- Dumping data for table es_extended.renzu_motels: ~4 rows (approximately)
INSERT INTO `renzu_motels` (`id`, `motel`, `hour_rate`, `revenue`, `employees`, `rooms`, `owned`) VALUES
	(1, 'hotelmodern3', 0, 0, '[]', '[{"players":[],"lock":true},{"players":[],"lock":true},{"players":[],"lock":true},{"players":[],"lock":true},{"players":[],"lock":true},{"players":[],"lock":true},{"players":[],"lock":true},{"players":[],"lock":true},{"players":[],"lock":true},{"players":[],"lock":true}]', '0'),
	(2, 'pinkcage', 0, 0, '[]', '[{"players":[],"lock":true},{"players":[],"lock":true},{"players":[],"lock":true},{"players":[],"lock":true},{"players":[],"lock":true},{"players":[],"lock":true},{"players":[],"lock":true},{"players":[],"lock":true},{"players":[],"lock":true},{"players":[],"lock":true},{"players":[],"lock":true},{"players":[],"lock":true},{"players":[],"lock":true},{"players":[],"lock":true}]', '0'),
	(3, 'yacht', 0, 0, '[]', '[{"players":[],"lock":true},{"players":[],"lock":true},{"players":[],"lock":true},{"players":[],"lock":true},{"players":[],"lock":true},{"players":[],"lock":true},{"players":[],"lock":true},{"players":[],"lock":true},{"players":[],"lock":true},{"players":[],"lock":true}]', '0'),
	(4, 'sandymotel', 0, 0, '[]', '[{"players":[],"lock":true},{"players":[],"lock":true},{"players":[],"lock":true},{"players":[],"lock":true},{"players":[],"lock":true},{"players":[],"lock":true},{"players":[],"lock":true},{"players":[],"lock":true},{"players":[],"lock":true},{"players":[],"lock":true}]', '0');

-- Dumping structure for table es_extended.ricky_report
CREATE TABLE IF NOT EXISTS `ricky_report` (
  `id` int(11) NOT NULL DEFAULT 0,
  `identifier` longtext DEFAULT NULL,
  `reportInfo` longtext DEFAULT NULL,
  `messages` longtext DEFAULT NULL,
  `staff` longtext DEFAULT NULL,
  `closed` longtext DEFAULT NULL,
  `closedFrom` longtext DEFAULT NULL,
  PRIMARY KEY (`id`)
) ENGINE=InnoDB DEFAULT CHARSET=utf8mb4 COLLATE=utf8mb4_unicode_ci;

-- Dumping data for table es_extended.ricky_report: ~0 rows (approximately)

-- Dumping structure for table es_extended.ricky_report_annotation
CREATE TABLE IF NOT EXISTS `ricky_report_annotation` (
  `identifier` varchar(46) NOT NULL,
  `annotation` longtext DEFAULT NULL,
  PRIMARY KEY (`identifier`)
) ENGINE=InnoDB DEFAULT CHARSET=utf8mb4 COLLATE=utf8mb4_unicode_ci;

-- Dumping data for table es_extended.ricky_report_annotation: ~0 rows (approximately)

-- Dumping structure for table es_extended.ricky_report_staffchat
CREATE TABLE IF NOT EXISTS `ricky_report_staffchat` (
  `identifier` longtext DEFAULT NULL,
  `name` longtext DEFAULT NULL,
  `type` longtext DEFAULT NULL,
  `content` longtext DEFAULT NULL
) ENGINE=InnoDB DEFAULT CHARSET=utf8mb4 COLLATE=utf8mb4_unicode_ci;

-- Dumping data for table es_extended.ricky_report_staffchat: ~0 rows (approximately)

-- Dumping structure for table es_extended.users
CREATE TABLE IF NOT EXISTS `users` (
  `identifier` varchar(46) NOT NULL,
  `accounts` longtext DEFAULT NULL,
  `group` varchar(50) DEFAULT 'user',
  `inventory` longtext DEFAULT NULL,
  `job` varchar(20) DEFAULT 'unemployed',
  `job_grade` int(11) DEFAULT 0,
  `loadout` longtext DEFAULT NULL,
  `metadata` longtext DEFAULT NULL,
  `position` longtext DEFAULT NULL,
  `firstname` varchar(16) DEFAULT NULL,
  `lastname` varchar(16) DEFAULT NULL,
  `dateofbirth` varchar(10) DEFAULT NULL,
  `sex` varchar(1) DEFAULT NULL,
  `height` int(11) DEFAULT NULL,
  `disabled` tinyint(1) DEFAULT 0,
  `status` longtext DEFAULT NULL,
  `skin` longtext DEFAULT NULL,
  `is_dead` tinyint(1) DEFAULT 0,
  `last_property` longtext DEFAULT NULL,
  `jail` int(11) NOT NULL DEFAULT 0,
  `mdt_image` varchar(255) DEFAULT NULL,
  `getStarter` int(11) NOT NULL DEFAULT 0,
  `phone_number` varchar(20) DEFAULT NULL,
  PRIMARY KEY (`identifier`)
) ENGINE=InnoDB DEFAULT CHARSET=utf8mb4 COLLATE=utf8mb4_unicode_ci;

-- Dumping data for table es_extended.users: ~0 rows (approximately)

-- Dumping structure for table es_extended.user_contacts
CREATE TABLE IF NOT EXISTS `user_contacts` (
  `id` int(11) NOT NULL AUTO_INCREMENT,
  `identifier` varchar(46) DEFAULT NULL,
  `name` varchar(100) NOT NULL,
  `number` int(11) NOT NULL,
  PRIMARY KEY (`id`),
  KEY `index_user_contacts_identifier_name_number` (`identifier`,`name`,`number`)
) ENGINE=InnoDB DEFAULT CHARSET=utf8mb4 COLLATE=utf8mb4_unicode_ci;

-- Dumping data for table es_extended.user_contacts: ~0 rows (approximately)

-- Dumping structure for table es_extended.user_licenses
CREATE TABLE IF NOT EXISTS `user_licenses` (
  `id` int(11) NOT NULL AUTO_INCREMENT,
  `type` varchar(60) NOT NULL,
  `owner` varchar(46) DEFAULT NULL,
  PRIMARY KEY (`id`)
) ENGINE=InnoDB DEFAULT CHARSET=utf8mb4 COLLATE=utf8mb4_unicode_ci;

-- Dumping data for table es_extended.user_licenses: ~0 rows (approximately)

-- Dumping structure for table es_extended.vehicles
CREATE TABLE IF NOT EXISTS `vehicles` (
  `name` varchar(60) NOT NULL,
  `model` varchar(60) NOT NULL,
  `price` int(11) NOT NULL,
  `category` varchar(60) DEFAULT NULL,
  PRIMARY KEY (`model`)
) ENGINE=InnoDB DEFAULT CHARSET=utf8mb4 COLLATE=utf8mb4_unicode_ci;

-- Dumping data for table es_extended.vehicles: ~237 rows (approximately)
INSERT INTO `vehicles` (`name`, `model`, `price`, `category`) VALUES
	('Taxi', 'taxi', 2000, 'super'),
	('Flatbed', 'flatbed', 2000, 'super'),
	('Towtruck', 'towtruck', 2000, 'super'),
	('Small Towtruck', 'towtruck2', 2000, 'super'),
	('Ambulance', 'ambulance', 2000, 'super'),
	('Police', 'police', 2000, 'super'),
	('Police2', 'police2', 2000, 'super'),
	('Police3', 'police3', 2000, 'super'),
	('Police4', 'police4', 2000, 'super'),
	('Police5', 'police5', 2000, 'super'),
	('Policeb', 'policeb', 2000, 'super'),
	('Policet', 'policet', 2000, 'super'),
	('Pranger', 'pranger', 2000, 'super'),
	('Riot', 'riot', 2000, 'super'),
	('Sheriff', 'sheriff', 2000, 'super'),
	('Sheriff2', 'sheriff2', 2000, 'super'),
	('Fbi', 'fbi', 2000, 'super'),
	('Fbi2', 'fbi2', 2000, 'super'),
	('Adder', 'adder', 900000, 'super'),
	('Akuma', 'AKUMA', 7500, 'motorcycles'),
	('Alpha', 'alpha', 60000, 'sports'),
	('Ardent', 'ardent', 1150000, 'sportsclassics'),
	('Asea', 'asea', 5500, 'sedans'),
	('Autarch', 'autarch', 1955000, 'super'),
	('Avarus', 'avarus', 18000, 'motorcycles'),
	('Bagger', 'bagger', 13500, 'motorcycles'),
	('Baller', 'baller2', 40000, 'suvs'),
	('Baller Sport', 'baller3', 60000, 'suvs'),
	('Banshee', 'banshee', 70000, 'sports'),
	('Banshee 900R', 'banshee2', 255000, 'super'),
	('Bati 801', 'bati', 12000, 'motorcycles'),
	('Bati 801RR', 'bati2', 19000, 'motorcycles'),
	('Bestia GTS', 'bestiagts', 55000, 'sports'),
	('BF400', 'bf400', 6500, 'motorcycles'),
	('Bf Injection', 'bfinjection', 16000, 'offroad'),
	('Bifta', 'bifta', 12000, 'offroad'),
	('Bison', 'bison', 45000, 'vans'),
	('Blade', 'blade', 15000, 'muscle'),
	('Blazer', 'blazer', 6500, 'offroad'),
	('Blazer Sport', 'blazer4', 8500, 'offroad'),
	('blazer5', 'blazer5', 1755600, 'offroad'),
	('Blista', 'blista', 8000, 'compacts'),
	('BMX (velo)', 'bmx', 160, 'motorcycles'),
	('Bobcat XL', 'bobcatxl', 32000, 'vans'),
	('Brawler', 'brawler', 45000, 'offroad'),
	('Brioso R/A', 'brioso', 18000, 'compacts'),
	('Btype', 'btype', 62000, 'sportsclassics'),
	('Btype Hotroad', 'btype2', 155000, 'sportsclassics'),
	('Btype Luxe', 'btype3', 85000, 'sportsclassics'),
	('Buccaneer', 'buccaneer', 18000, 'muscle'),
	('Buccaneer Rider', 'buccaneer2', 24000, 'muscle'),
	('Buffalo', 'buffalo', 12000, 'sports'),
	('Buffalo S', 'buffalo2', 20000, 'sports'),
	('Bullet', 'bullet', 90000, 'super'),
	('Burrito', 'burrito3', 19000, 'vans'),
	('Camper', 'camper', 42000, 'vans'),
	('Carbonizzare', 'carbonizzare', 75000, 'sports'),
	('Carbon RS', 'carbonrs', 18000, 'motorcycles'),
	('Casco', 'casco', 30000, 'sportsclassics'),
	('Cavalcade', 'cavalcade2', 55000, 'suvs'),
	('Cheetah', 'cheetah', 375000, 'super'),
	('Chimera', 'chimera', 38000, 'motorcycles'),
	('Chino', 'chino', 15000, 'muscle'),
	('Chino Luxe', 'chino2', 19000, 'muscle'),
	('Cliffhanger', 'cliffhanger', 9500, 'motorcycles'),
	('Cognoscenti Cabrio', 'cogcabrio', 55000, 'coupes'),
	('Cognoscenti', 'cognoscenti', 55000, 'sedans'),
	('Comet', 'comet2', 65000, 'sports'),
	('Comet 5', 'comet5', 1145000, 'sports'),
	('Contender', 'contender', 70000, 'suvs'),
	('Coquette', 'coquette', 65000, 'sports'),
	('Coquette Classic', 'coquette2', 40000, 'sportsclassics'),
	('Coquette BlackFin', 'coquette3', 55000, 'muscle'),
	('Cruiser (velo)', 'cruiser', 510, 'motorcycles'),
	('Cyclone', 'cyclone', 1890000, 'super'),
	('Daemon', 'daemon', 11500, 'motorcycles'),
	('Daemon High', 'daemon2', 13500, 'motorcycles'),
	('Defiler', 'defiler', 9800, 'motorcycles'),
	('Dominator', 'dominator', 35000, 'muscle'),
	('Double T', 'double', 28000, 'motorcycles'),
	('Dubsta', 'dubsta', 45000, 'suvs'),
	('Dubsta Luxuary', 'dubsta2', 60000, 'suvs'),
	('Bubsta 6x6', 'dubsta3', 120000, 'offroad'),
	('Dukes', 'dukes', 28000, 'muscle'),
	('Dune Buggy', 'dune', 8000, 'offroad'),
	('Elegy', 'elegy2', 38500, 'sports'),
	('Emperor', 'emperor', 8500, 'sedans'),
	('Enduro', 'enduro', 5500, 'motorcycles'),
	('Entity XF', 'entityxf', 425000, 'super'),
	('Esskey', 'esskey', 4200, 'motorcycles'),
	('Exemplar', 'exemplar', 32000, 'coupes'),
	('F620', 'f620', 40000, 'coupes'),
	('Faction', 'faction', 20000, 'muscle'),
	('Faction Rider', 'faction2', 30000, 'muscle'),
	('Faction XL', 'faction3', 40000, 'muscle'),
	('Faggio', 'faggio', 1900, 'motorcycles'),
	('Vespa', 'faggio2', 2800, 'motorcycles'),
	('Felon', 'felon', 42000, 'coupes'),
	('Felon GT', 'felon2', 55000, 'coupes'),
	('Feltzer', 'feltzer2', 55000, 'sports'),
	('Stirling GT', 'feltzer3', 65000, 'sportsclassics'),
	('Fixter (velo)', 'fixter', 225, 'motorcycles'),
	('FMJ', 'fmj', 185000, 'super'),
	('Fhantom', 'fq2', 17000, 'suvs'),
	('Fugitive', 'fugitive', 12000, 'sedans'),
	('Furore GT', 'furoregt', 45000, 'sports'),
	('Fusilade', 'fusilade', 40000, 'sports'),
	('Gargoyle', 'gargoyle', 16500, 'motorcycles'),
	('Gauntlet', 'gauntlet', 30000, 'muscle'),
	('Gang Burrito', 'gburrito', 45000, 'vans'),
	('Burrito', 'gburrito2', 29000, 'vans'),
	('Glendale', 'glendale', 6500, 'sedans'),
	('Grabger', 'granger', 50000, 'suvs'),
	('Gresley', 'gresley', 47500, 'suvs'),
	('GT 500', 'gt500', 785000, 'sportsclassics'),
	('Guardian', 'guardian', 45000, 'offroad'),
	('Hakuchou', 'hakuchou', 31000, 'motorcycles'),
	('Hakuchou Sport', 'hakuchou2', 55000, 'motorcycles'),
	('Hermes', 'hermes', 535000, 'muscle'),
	('Hexer', 'hexer', 12000, 'motorcycles'),
	('Hotknife', 'hotknife', 125000, 'muscle'),
	('Huntley S', 'huntley', 40000, 'suvs'),
	('Hustler', 'hustler', 625000, 'muscle'),
	('Infernus', 'infernus', 180000, 'super'),
	('Innovation', 'innovation', 23500, 'motorcycles'),
	('Intruder', 'intruder', 7500, 'sedans'),
	('Issi', 'issi2', 10000, 'compacts'),
	('Jackal', 'jackal', 38000, 'coupes'),
	('Jester', 'jester', 65000, 'sports'),
	('Jester(Racecar)', 'jester2', 135000, 'sports'),
	('Journey', 'journey', 6500, 'vans'),
	('Kamacho', 'kamacho', 345000, 'offroad'),
	('Khamelion', 'khamelion', 38000, 'sports'),
	('Kuruma', 'kuruma', 30000, 'sports'),
	('Landstalker', 'landstalker', 35000, 'suvs'),
	('RE-7B', 'le7b', 325000, 'super'),
	('Lynx', 'lynx', 40000, 'sports'),
	('Mamba', 'mamba', 70000, 'sports'),
	('Manana', 'manana', 12800, 'sportsclassics'),
	('Manchez', 'manchez', 5300, 'motorcycles'),
	('Massacro', 'massacro', 65000, 'sports'),
	('Massacro(Racecar)', 'massacro2', 130000, 'sports'),
	('Mesa', 'mesa', 16000, 'suvs'),
	('Mesa Trail', 'mesa3', 40000, 'suvs'),
	('Minivan', 'minivan', 13000, 'vans'),
	('Monroe', 'monroe', 55000, 'sportsclassics'),
	('The Liberator', 'monster', 210000, 'offroad'),
	('Moonbeam', 'moonbeam', 18000, 'vans'),
	('Moonbeam Rider', 'moonbeam2', 35000, 'vans'),
	('Nemesis', 'nemesis', 5800, 'motorcycles'),
	('Neon', 'neon', 1500000, 'sports'),
	('Nightblade', 'nightblade', 35000, 'motorcycles'),
	('Nightshade', 'nightshade', 65000, 'muscle'),
	('9F', 'ninef', 65000, 'sports'),
	('9F Cabrio', 'ninef2', 80000, 'sports'),
	('Omnis', 'omnis', 35000, 'sports'),
	('Oracle XS', 'oracle2', 35000, 'coupes'),
	('Osiris', 'osiris', 160000, 'super'),
	('Panto', 'panto', 10000, 'compacts'),
	('Paradise', 'paradise', 19000, 'vans'),
	('Pariah', 'pariah', 1420000, 'sports'),
	('Patriot', 'patriot', 55000, 'suvs'),
	('PCJ-600', 'pcj', 6200, 'motorcycles'),
	('Penumbra', 'penumbra', 28000, 'sports'),
	('Pfister', 'pfister811', 85000, 'super'),
	('Phoenix', 'phoenix', 12500, 'muscle'),
	('Picador', 'picador', 18000, 'muscle'),
	('Pigalle', 'pigalle', 20000, 'sportsclassics'),
	('Prairie', 'prairie', 12000, 'compacts'),
	('Premier', 'premier', 8000, 'sedans'),
	('Primo Custom', 'primo2', 14000, 'sedans'),
	('X80 Proto', 'prototipo', 2500000, 'super'),
	('Radius', 'radi', 29000, 'suvs'),
	('raiden', 'raiden', 1375000, 'sports'),
	('Rapid GT', 'rapidgt', 35000, 'sports'),
	('Rapid GT Convertible', 'rapidgt2', 45000, 'sports'),
	('Rapid GT3', 'rapidgt3', 885000, 'sportsclassics'),
	('Reaper', 'reaper', 150000, 'super'),
	('Rebel', 'rebel2', 35000, 'offroad'),
	('Regina', 'regina', 5000, 'sedans'),
	('Retinue', 'retinue', 615000, 'sportsclassics'),
	('Revolter', 'revolter', 1610000, 'sports'),
	('riata', 'riata', 380000, 'offroad'),
	('Rocoto', 'rocoto', 45000, 'suvs'),
	('Ruffian', 'ruffian', 6800, 'motorcycles'),
	('Ruiner 2', 'ruiner2', 5745600, 'muscle'),
	('Rumpo', 'rumpo', 15000, 'vans'),
	('Rumpo Trail', 'rumpo3', 19500, 'vans'),
	('Sabre Turbo', 'sabregt', 20000, 'muscle'),
	('Sabre GT', 'sabregt2', 25000, 'muscle'),
	('Sanchez', 'sanchez', 5300, 'motorcycles'),
	('Sanchez Sport', 'sanchez2', 5300, 'motorcycles'),
	('Sanctus', 'sanctus', 25000, 'motorcycles'),
	('Sandking', 'sandking', 55000, 'offroad'),
	('Savestra', 'savestra', 990000, 'sportsclassics'),
	('SC 1', 'sc1', 1603000, 'super'),
	('Schafter', 'schafter2', 25000, 'sedans'),
	('Schafter V12', 'schafter3', 50000, 'sports'),
	('Scorcher (velo)', 'scorcher', 280, 'motorcycles'),
	('Seminole', 'seminole', 25000, 'suvs'),
	('Sentinel', 'sentinel', 32000, 'coupes'),
	('Sentinel XS', 'sentinel2', 40000, 'coupes'),
	('Sentinel3', 'sentinel3', 650000, 'sports'),
	('Seven 70', 'seven70', 39500, 'sports'),
	('ETR1', 'sheava', 220000, 'super'),
	('Shotaro Concept', 'shotaro', 320000, 'motorcycles'),
	('Slam Van', 'slamvan3', 11500, 'muscle'),
	('Sovereign', 'sovereign', 22000, 'motorcycles'),
	('Stinger', 'stinger', 80000, 'sportsclassics'),
	('Stinger GT', 'stingergt', 75000, 'sportsclassics'),
	('Streiter', 'streiter', 500000, 'sports'),
	('Stretch', 'stretch', 90000, 'sedans'),
	('Stromberg', 'stromberg', 3185350, 'sports'),
	('Sultan', 'sultan', 15000, 'sports'),
	('Sultan RS', 'sultanrs', 65000, 'super'),
	('Super Diamond', 'superd', 130000, 'sedans'),
	('Surano', 'surano', 50000, 'sports'),
	('Surfer', 'surfer', 12000, 'vans'),
	('T20', 't20', 300000, 'super'),
	('Tailgater', 'tailgater', 30000, 'sedans'),
	('Tampa', 'tampa', 16000, 'muscle'),
	('Drift Tampa', 'tampa2', 80000, 'sports'),
	('Thrust', 'thrust', 24000, 'motorcycles'),
	('Tri bike (velo)', 'tribike3', 520, 'motorcycles'),
	('Trophy Truck', 'trophytruck', 60000, 'offroad'),
	('Trophy Truck Limited', 'trophytruck2', 80000, 'offroad'),
	('Tropos', 'tropos', 40000, 'sports'),
	('Turismo R', 'turismor', 350000, 'super'),
	('Tyrus', 'tyrus', 600000, 'super'),
	('Vacca', 'vacca', 120000, 'super'),
	('Vader', 'vader', 7200, 'motorcycles'),
	('Verlierer', 'verlierer2', 70000, 'sports'),
	('Vigero', 'vigero', 12500, 'muscle'),
	('Virgo', 'virgo', 14000, 'muscle'),
	('Viseris', 'viseris', 875000, 'sportsclassics'),
	('Visione', 'visione', 2250000, 'super'),
	('Voltic', 'voltic', 90000, 'super'),
	('Voodoo', 'voodoo', 7200, 'muscle'),
	('Vortex', 'vortex', 9800, 'motorcycles'),
	('Warrener', 'warrener', 4000, 'sedans'),
	('Washington', 'washington', 9000, 'sedans'),
	('Windsor', 'windsor', 95000, 'coupes'),
	('Windsor Drop', 'windsor2', 125000, 'coupes'),
	('Woflsbane', 'wolfsbane', 9000, 'motorcycles'),
	('XLS', 'xls', 32000, 'suvs'),
	('Yosemite', 'yosemite', 485000, 'muscle'),
	('Youga', 'youga', 10800, 'vans'),
	('Youga Luxuary', 'youga2', 14500, 'vans'),
	('Z190', 'z190', 900000, 'sportsclassics'),
	('Zentorno', 'zentorno', 1500000, 'super'),
	('Zion', 'zion', 36000, 'coupes'),
	('Zion Cabrio', 'zion2', 45000, 'coupes'),
	('Zombie', 'zombiea', 9500, 'motorcycles'),
	('Zombie Luxuary', 'zombieb', 12000, 'motorcycles'),
	('Z-Type', 'ztype', 220000, 'sportsclassics');

-- Dumping structure for table es_extended.vehicle_categories
CREATE TABLE IF NOT EXISTS `vehicle_categories` (
  `name` varchar(60) NOT NULL,
  `label` varchar(60) NOT NULL,
  PRIMARY KEY (`name`)
) ENGINE=InnoDB DEFAULT CHARSET=utf8mb4 COLLATE=utf8mb4_unicode_ci;

-- Dumping data for table es_extended.vehicle_categories: ~11 rows (approximately)
INSERT INTO `vehicle_categories` (`name`, `label`) VALUES
	('compacts', 'Compacts'),
	('coupes', 'Coupes'),
	('motorcycles', 'Motos'),
	('muscle', 'Muscle'),
	('offroad', 'Off Road'),
	('sedans', 'Sedans'),
	('sports', 'Sports'),
	('sportsclassics', 'Sports Classics'),
	('super', 'Super'),
	('suvs', 'SUVs'),
	('vans', 'Vans');

-- Dumping structure for table es_extended.vehicle_sold
CREATE TABLE IF NOT EXISTS `vehicle_sold` (
  `client` varchar(50) NOT NULL,
  `model` varchar(50) NOT NULL,
  `plate` varchar(50) NOT NULL,
  `soldby` varchar(50) NOT NULL,
  `date` varchar(50) NOT NULL,
  PRIMARY KEY (`plate`)
) ENGINE=InnoDB DEFAULT CHARSET=utf8mb4 COLLATE=utf8mb4_unicode_ci;

-- Dumping data for table es_extended.vehicle_sold: ~0 rows (approximately)

/*!40103 SET TIME_ZONE=IFNULL(@OLD_TIME_ZONE, 'system') */;
/*!40101 SET SQL_MODE=IFNULL(@OLD_SQL_MODE, '') */;
/*!40014 SET FOREIGN_KEY_CHECKS=IFNULL(@OLD_FOREIGN_KEY_CHECKS, 1) */;
/*!40101 SET CHARACTER_SET_CLIENT=@OLD_CHARACTER_SET_CLIENT */;
/*!40111 SET SQL_NOTES=IFNULL(@OLD_SQL_NOTES, 1) */;
